date,sandwich_trade_count,total_sandwich_volume_usd,unique_sandwich_bots,unique_transactions
2024-01-01 00:00:00.000 UTC,12727,189654548.8112716,262,8324
2024-01-02 00:00:00.000 UTC,12987,282016011.22290015,250,8432
2024-01-03 00:00:00.000 UTC,12435,267395569.5339629,242,8068
2024-01-04 00:00:00.000 UTC,12986,232386682.7301182,269,8323
2024-01-05 00:00:00.000 UTC,9721,257930093.92215648,249,6795
2024-01-06 00:00:00.000 UTC,9270,171789898.2308889,228,6380
2024-01-07 00:00:00.000 UTC,7362,116077938.77243124,179,5266
2024-01-08 00:00:00.000 UTC,9361,258202852.9588733,189,6370
2024-01-09 00:00:00.000 UTC,11847,344801965.3051109,218,7797
2024-01-10 00:00:00.000 UTC,9156,328343811.50250983,201,6467
2024-01-11 00:00:00.000 UTC,9295,261932004.70949894,219,6368
2024-01-12 00:00:00.000 UTC,8952,322016352.91068196,213,6143
2024-01-13 00:00:00.000 UTC,13426,170342705.37826014,181,8380
2024-01-14 00:00:00.000 UTC,12910,164130307.24813545,171,7849
2024-01-15 00:00:00.000 UTC,11712,151668281.0071736,168,7567
2024-01-16 00:00:00.000 UTC,20695,194132186.75247854,175,10971
2024-01-17 00:00:00.000 UTC,20865,221478760.00836718,176,10476
2024-01-18 00:00:00.000 UTC,14562,231650705.7803486,177,8837
2024-01-19 00:00:00.000 UTC,15064,274949777.4764263,171,8931
2024-01-20 00:00:00.000 UTC,16780,116264847.83049719,212,9484
2024-01-21 00:00:00.000 UTC,16514,153471353.397324,210,9322
2024-01-22 00:00:00.000 UTC,14724,400610949.4637937,230,8600
2024-01-23 00:00:00.000 UTC,15130,396863403.68388116,227,9089
2024-01-24 00:00:00.000 UTC,17219,221600902.19911093,247,10205
2024-01-25 00:00:00.000 UTC,15300,239315265.3642235,225,9024
2024-01-26 00:00:00.000 UTC,16895,279791340.78154945,185,9849
2024-01-27 00:00:00.000 UTC,12903,161876724.621037,178,7909
2024-01-28 00:00:00.000 UTC,13863,179039231.50185493,197,8110
2024-01-29 00:00:00.000 UTC,14122,279662380.61951846,203,8371
2024-01-30 00:00:00.000 UTC,14968,226065425.88257667,207,9150
2024-01-31 00:00:00.000 UTC,15098,280211117.23302597,243,9145
2024-02-01 00:00:00.000 UTC,12042,221023659.8831946,167,7420
2024-02-02 00:00:00.000 UTC,13654,196373731.7684612,180,8266
2024-02-03 00:00:00.000 UTC,15767,162160629.42919946,189,9456
2024-02-04 00:00:00.000 UTC,13359,168208884.39201924,203,7816
2024-02-05 00:00:00.000 UTC,10283,208602618.00263917,197,6699
2024-02-06 00:00:00.000 UTC,11254,175688521.520292,169,7234
2024-02-07 00:00:00.000 UTC,10316,204851256.1629998,149,6904
2024-02-08 00:00:00.000 UTC,12668,164027029.84741336,139,8089
2024-02-09 00:00:00.000 UTC,8921,179068315.5952553,123,6155
2024-02-10 00:00:00.000 UTC,10787,155349283.5170663,171,7201
2024-02-11 00:00:00.000 UTC,12232,191203107.89785552,177,7967
2024-02-12 00:00:00.000 UTC,9845,170136290.1386755,184,6663
2024-02-13 00:00:00.000 UTC,11707,230582312.48676234,222,7326
2024-02-14 00:00:00.000 UTC,14047,318378059.78108525,216,8636
2024-02-15 00:00:00.000 UTC,11204,276314339.62651247,227,7311
2024-02-16 00:00:00.000 UTC,12530,215417024.79020125,173,7692
2024-02-17 00:00:00.000 UTC,12525,157254281.57171744,198,7652
2024-02-18 00:00:00.000 UTC,15399,186174150.6942556,200,9015
2024-02-19 00:00:00.000 UTC,12022,242480176.9813515,214,7490
2024-02-20 00:00:00.000 UTC,10037,312966859.3493929,207,6644
2024-02-21 00:00:00.000 UTC,8083,313829417.6517684,150,5651
2024-02-22 00:00:00.000 UTC,8754,209451256.11570144,140,5810
2024-02-23 00:00:00.000 UTC,8886,183460213.40361848,184,5983
2024-02-24 00:00:00.000 UTC,10643,213799254.01009384,160,6861
2024-02-25 00:00:00.000 UTC,10026,185472537.82897317,176,6504
2024-02-26 00:00:00.000 UTC,8991,289656304.8726271,160,6029
2024-02-27 00:00:00.000 UTC,8449,309092719.65683603,153,5675
2024-02-28 00:00:00.000 UTC,7022,316510769.1326575,151,4914
2024-02-29 00:00:00.000 UTC,6760,296803651.9314371,135,4796
2024-03-01 00:00:00.000 UTC,8472,290246207.13930553,137,5653
2024-03-02 00:00:00.000 UTC,10815,235611658.69900504,173,6785
2024-03-03 00:00:00.000 UTC,10331,156172737.94994304,155,6528
2024-03-04 00:00:00.000 UTC,10345,274760795.1318951,175,6671
2024-03-05 00:00:00.000 UTC,9621,389957482.893903,180,6273
2024-03-06 00:00:00.000 UTC,9297,326242979.7864145,172,6195
2024-03-07 00:00:00.000 UTC,9576,230804946.96401733,190,6361
2024-03-08 00:00:00.000 UTC,10929,292984530.7356361,171,6911
2024-03-09 00:00:00.000 UTC,10528,205838592.4674913,208,6647
2024-03-10 00:00:00.000 UTC,13564,271449187.27601373,278,7993
2024-03-11 00:00:00.000 UTC,10893,341796044.92530686,258,6929
2024-03-12 00:00:00.000 UTC,10087,349040474.98914593,272,6319
2024-03-13 00:00:00.000 UTC,10065,316476184.79464394,236,6360
2024-03-14 00:00:00.000 UTC,9583,316464931.76172584,228,6124
2024-03-15 00:00:00.000 UTC,9824,415198691.94501674,277,6420
2024-03-16 00:00:00.000 UTC,11783,299432472.24041784,267,7410
2024-03-17 00:00:00.000 UTC,13827,247181193.1600399,259,8270
2024-03-18 00:00:00.000 UTC,10789,262968218.2559256,255,7093
2024-03-19 00:00:00.000 UTC,9655,407289475.4799106,252,6391
2024-03-20 00:00:00.000 UTC,9375,301914530.10986423,248,6173
2024-03-21 00:00:00.000 UTC,9415,234053794.41379917,232,6151
2024-03-22 00:00:00.000 UTC,10800,263309801.71693575,244,6990
2024-03-23 00:00:00.000 UTC,9469,129005119.98051274,235,6227
2024-03-24 00:00:00.000 UTC,10863,142597700.6463826,246,6940
2024-03-25 00:00:00.000 UTC,11542,261104323.80373538,325,7236
2024-03-26 00:00:00.000 UTC,11171,410712199.73994434,255,7052
2024-03-27 00:00:00.000 UTC,10759,331263021.524364,261,6588
2024-03-28 00:00:00.000 UTC,12890,285122174.55641186,264,7749
2024-03-29 00:00:00.000 UTC,12967,265762484.38453853,297,7699
2024-03-30 00:00:00.000 UTC,11975,263161942.8862727,309,7334
2024-03-31 00:00:00.000 UTC,12594,278940495.60715663,285,7678
2024-04-01 00:00:00.000 UTC,15460,297555415.0698297,292,8707
2024-04-02 00:00:00.000 UTC,14107,553669789.1036202,291,8115
2024-04-03 00:00:00.000 UTC,15137,402711371.78354955,289,8859
2024-04-04 00:00:00.000 UTC,15041,369357744.3877299,259,8771
2024-04-05 00:00:00.000 UTC,14832,235389477.3723644,299,8655
2024-04-06 00:00:00.000 UTC,18270,236649871.7360565,280,9892
2024-04-07 00:00:00.000 UTC,18689,228325823.34694916,286,9927
2024-04-08 00:00:00.000 UTC,14235,354329227.9790758,273,8271
2024-04-09 00:00:00.000 UTC,10955,353786982.4117473,235,7003
2024-04-10 00:00:00.000 UTC,12700,292478616.8899535,273,7700
2024-04-11 00:00:00.000 UTC,13136,294410053.6226868,249,7849
2024-04-12 00:00:00.000 UTC,11955,322036390.0909653,285,7461
2024-04-13 00:00:00.000 UTC,11801,452260389.9432316,305,7474
2024-04-14 00:00:00.000 UTC,13601,363166242.089558,325,8453
2024-04-15 00:00:00.000 UTC,13302,380182335.25408334,289,8190
2024-04-16 00:00:00.000 UTC,12696,304464856.6400925,333,8078
2024-04-17 00:00:00.000 UTC,11861,242553555.7547569,245,7485
2024-04-18 00:00:00.000 UTC,12943,202744870.20577914,281,7982
2024-04-19 00:00:00.000 UTC,12087,276976853.7280053,303,7690
2024-04-20 00:00:00.000 UTC,12946,165730376.91789168,240,8095
2024-04-21 00:00:00.000 UTC,16699,193667068.09303924,377,9216
2024-04-22 00:00:00.000 UTC,20061,298041178.7927415,275,10719
2024-04-23 00:00:00.000 UTC,16852,288488031.62542695,279,9502
2024-04-24 00:00:00.000 UTC,22357,532796364.9078421,316,12012
2024-04-25 00:00:00.000 UTC,19242,311263052.8301722,290,10797
2024-04-26 00:00:00.000 UTC,16158,275085674.985019,292,9534
2024-04-27 00:00:00.000 UTC,16198,244293472.76486135,294,9432
2024-04-28 00:00:00.000 UTC,17570,245089325.1644804,257,10184
2024-04-29 00:00:00.000 UTC,13455,333479696.14685357,250,8403
2024-04-30 00:00:00.000 UTC,11381,366234070.736605,274,7373
2024-05-01 00:00:00.000 UTC,13203,278006553.2596869,262,8102
2024-05-02 00:00:00.000 UTC,13272,222764967.0123664,271,8388
2024-05-03 00:00:00.000 UTC,16830,233950936.32435966,270,9772
2024-05-04 00:00:00.000 UTC,14647,155332023.5248268,266,8824
2024-05-05 00:00:00.000 UTC,16141,149849773.87491766,241,9606
2024-05-06 00:00:00.000 UTC,17157,234177144.31747907,304,9944
2024-05-07 00:00:00.000 UTC,14326,207414261.84255248,247,8959
2024-05-08 00:00:00.000 UTC,13689,225655264.96164885,283,8617
2024-05-09 00:00:00.000 UTC,15473,215421504.95587873,285,9320
2024-05-10 00:00:00.000 UTC,13197,241037135.50899106,253,8400
2024-05-11 00:00:00.000 UTC,13888,115891359.09122893,233,8780
2024-05-12 00:00:00.000 UTC,18408,103294226.43022999,272,10453
2024-05-13 00:00:00.000 UTC,20063,199639489.74083972,315,10876
2024-05-14 00:00:00.000 UTC,19350,200988188.53707522,292,10646
2024-05-15 00:00:00.000 UTC,18439,271872782.51693493,314,10522
2024-05-16 00:00:00.000 UTC,15905,228994005.21437716,302,9804
2024-05-17 00:00:00.000 UTC,16848,257091212.64588192,287,10075
2024-05-18 00:00:00.000 UTC,19340,179742664.36045924,258,10796
2024-05-19 00:00:00.000 UTC,22140,189490793.78797686,340,11853
2024-05-20 00:00:00.000 UTC,20416,341738284.2873012,279,11128
2024-05-21 00:00:00.000 UTC,14961,427274068.428769,330,9030
2024-05-22 00:00:00.000 UTC,18863,248911129.2668433,276,10512
2024-05-23 00:00:00.000 UTC,18075,402834483.85874194,289,10128
2024-05-24 00:00:00.000 UTC,19732,245726049.19789317,276,10973
2024-05-25 00:00:00.000 UTC,20032,179056839.50342557,287,10941
2024-05-26 00:00:00.000 UTC,24269,202754093.06722784,306,12257
2024-05-27 00:00:00.000 UTC,20305,269280824.0120586,264,10708
2024-05-28 00:00:00.000 UTC,16689,209165345.35589674,258,9615
2024-05-29 00:00:00.000 UTC,18719,228706324.46420732,257,10367
2024-05-30 00:00:00.000 UTC,16964,208241159.3601544,241,9517
2024-05-31 00:00:00.000 UTC,20639,220176775.4657086,260,10992
2024-06-01 00:00:00.000 UTC,26175,198487507.24030393,257,12704
2024-06-02 00:00:00.000 UTC,26833,182717671.6119733,254,12808
2024-06-03 00:00:00.000 UTC,20987,229092247.59364128,292,10977
2024-06-04 00:00:00.000 UTC,21079,299394664.6789749,244,10933
2024-06-05 00:00:00.000 UTC,20442,249612746.34643933,229,10988
2024-06-06 00:00:00.000 UTC,18869,203645859.75337374,174,10435
2024-06-07 00:00:00.000 UTC,17774,276240344.1044636,243,10011
2024-06-08 00:00:00.000 UTC,19754,285137252.3147398,225,10997
2024-06-09 00:00:00.000 UTC,22191,233464336.8003004,239,11731
2024-06-10 00:00:00.000 UTC,20577,273039229.41079044,272,11077
2024-06-11 00:00:00.000 UTC,19360,373803250.4931576,219,10592
2024-06-12 00:00:00.000 UTC,15300,240837785.51766947,201,9068
2024-06-13 00:00:00.000 UTC,13536,246813659.11721033,205,8561
2024-06-14 00:00:00.000 UTC,16895,195687322.44793218,273,9968
2024-06-15 00:00:00.000 UTC,18719,142374037.5799024,217,10686
2024-06-16 00:00:00.000 UTC,22947,199587676.92135996,265,12190
2024-06-17 00:00:00.000 UTC,21018,295097824.9242042,281,11294
2024-06-18 00:00:00.000 UTC,17081,252142776.40971902,263,9791
2024-06-19 00:00:00.000 UTC,15141,171630172.00467002,220,9162
2024-06-20 00:00:00.000 UTC,15075,120066558.34227756,171,9243
2024-06-21 00:00:00.000 UTC,14252,140461844.66921493,197,9105
2024-06-22 00:00:00.000 UTC,16432,146406085.70360875,169,9833
2024-06-23 00:00:00.000 UTC,20057,93006121.47107153,189,11279
2024-06-24 00:00:00.000 UTC,16040,204384626.98016113,195,9623
2024-06-25 00:00:00.000 UTC,16253,165183012.62195224,175,9554
2024-06-26 00:00:00.000 UTC,13181,163181919.6212484,176,8264
2024-06-27 00:00:00.000 UTC,12619,292530610.9605191,178,8249
2024-06-28 00:00:00.000 UTC,14478,192650609.4026945,187,8981
2024-06-29 00:00:00.000 UTC,17353,110445112.43164963,210,10300
2024-06-30 00:00:00.000 UTC,19949,149223534.0400566,185,11084
2024-07-01 00:00:00.000 UTC,18551,151158829.65582868,174,10378
2024-07-02 00:00:00.000 UTC,21437,192176669.2434624,197,11347
2024-07-03 00:00:00.000 UTC,19254,228637679.5883178,226,10260
2024-07-04 00:00:00.000 UTC,17281,394713265.8638822,216,9891
2024-07-05 00:00:00.000 UTC,13417,385515218.24153626,214,8276
2024-07-06 00:00:00.000 UTC,20771,147700189.75314027,203,11667
2024-07-07 00:00:00.000 UTC,20248,177930183.41643268,204,11371
2024-07-08 00:00:00.000 UTC,18826,192293662.6464273,209,10724
2024-07-09 00:00:00.000 UTC,20988,170826766.73239776,285,11421
2024-07-10 00:00:00.000 UTC,19743,201599560.22582483,233,10900
2024-07-11 00:00:00.000 UTC,15301,156620256.48918223,260,9281
2024-07-12 00:00:00.000 UTC,19443,195659849.16376635,204,10924
2024-07-13 00:00:00.000 UTC,21621,180423214.5084694,224,11623
2024-07-14 00:00:00.000 UTC,24930,148299440.5128879,196,12389
2024-07-15 00:00:00.000 UTC,17010,419414375.0440521,169,9797
2024-07-16 00:00:00.000 UTC,17426,258739523.41763183,182,9947
2024-07-17 00:00:00.000 UTC,20559,261311209.21883562,134,11012
2024-07-18 00:00:00.000 UTC,18747,227551514.66968456,121,10375
2024-07-19 00:00:00.000 UTC,17693,224961190.34097612,299,10094
2024-07-20 00:00:00.000 UTC,17123,187139938.82955125,211,10351
2024-07-21 00:00:00.000 UTC,16640,152546910.8162668,186,10032
2024-07-22 00:00:00.000 UTC,18603,242854743.89058238,201,10598
2024-07-23 00:00:00.000 UTC,16342,282003843.41692984,214,9884
2024-07-24 00:00:00.000 UTC,17906,258473259.99085644,192,10304
2024-07-25 00:00:00.000 UTC,16712,311641059.25897294,198,10142
2024-07-26 00:00:00.000 UTC,19083,215041467.0770112,264,11088
2024-07-27 00:00:00.000 UTC,19407,242480990.59612483,188,11236
2024-07-28 00:00:00.000 UTC,22006,168743916.3606136,189,12355
2024-07-29 00:00:00.000 UTC,16260,248862911.08504853,200,10343
2024-07-30 00:00:00.000 UTC,14470,161855894.7224697,193,9169
2024-07-31 00:00:00.000 UTC,14621,189766954.21120548,164,9262
2024-08-01 00:00:00.000 UTC,17400,292893846.41992116,165,10249
2024-08-02 00:00:00.000 UTC,17018,404873820.83235765,215,10334
2024-08-03 00:00:00.000 UTC,16945,363758562.2049185,242,10564
2024-08-04 00:00:00.000 UTC,16270,354852114.5953299,247,10199
2024-08-05 00:00:00.000 UTC,10497,851714915.5057119,260,7123
2024-08-06 00:00:00.000 UTC,16454,326017067.76024956,231,10203
2024-08-07 00:00:00.000 UTC,16771,359957010.8128789,233,10775
2024-08-08 00:00:00.000 UTC,17508,332265757.25273997,206,10846
2024-08-09 00:00:00.000 UTC,20344,289099876.6719458,338,12085
2024-08-10 00:00:00.000 UTC,18617,172008864.4196963,211,11773
2024-08-11 00:00:00.000 UTC,16685,254407755.40500888,226,10516
2024-08-12 00:00:00.000 UTC,16219,269311651.57918644,216,10532
2024-08-13 00:00:00.000 UTC,16432,276608454.85159343,211,10319
2024-08-14 00:00:00.000 UTC,15608,260087264.42809075,178,10064
2024-08-15 00:00:00.000 UTC,13590,279725263.96958846,198,9090
2024-08-16 00:00:00.000 UTC,12012,179566471.76883194,186,8479
2024-08-17 00:00:00.000 UTC,15608,195954391.69584382,352,9922
2024-08-18 00:00:00.000 UTC,16538,167537411.12152672,218,10503
2024-08-19 00:00:00.000 UTC,14813,184849741.43110242,235,9637
2024-08-20 00:00:00.000 UTC,13657,197723276.4477151,214,9158
2024-08-21 00:00:00.000 UTC,11285,187115604.06546095,196,8248
2024-08-22 00:00:00.000 UTC,13229,284848287.6006796,204,9198
2024-08-23 00:00:00.000 UTC,11443,299778798.01936126,208,8243
2024-08-24 00:00:00.000 UTC,11960,216140885.0670502,198,8552
2024-08-25 00:00:00.000 UTC,12410,150072429.44281662,174,8977
2024-08-26 00:00:00.000 UTC,10280,215885585.43193397,177,7621
2024-08-27 00:00:00.000 UTC,9857,288272876.436514,199,7315
2024-08-28 00:00:00.000 UTC,8632,240963142.15568575,170,6563
2024-08-29 00:00:00.000 UTC,9186,158892158.4475735,183,6983
2024-08-30 00:00:00.000 UTC,10225,210671218.63138434,198,7562
2024-08-31 00:00:00.000 UTC,9172,107753839.04812506,194,6986
2024-09-01 00:00:00.000 UTC,8669,160735129.31561705,177,6811
2024-09-02 00:00:00.000 UTC,7732,123055597.65312059,174,5941
2024-09-03 00:00:00.000 UTC,10776,185948140.51230156,234,7574
2024-09-04 00:00:00.000 UTC,9968,185046202.6247856,178,7113
2024-09-05 00:00:00.000 UTC,9691,140277254.93040714,172,6963
2024-09-06 00:00:00.000 UTC,10387,200889557.67136848,221,7379
2024-09-07 00:00:00.000 UTC,18799,164752453.55273518,214,11399
2024-09-08 00:00:00.000 UTC,15407,103871565.39232902,218,10070
2024-09-09 00:00:00.000 UTC,15771,173035103.28300697,227,10069
2024-09-10 00:00:00.000 UTC,15044,140101753.02194154,204,9458
2024-09-11 00:00:00.000 UTC,14233,207615140.7330566,210,9116
2024-09-12 00:00:00.000 UTC,14460,234347837.6519449,360,9100
2024-09-13 00:00:00.000 UTC,14828,221088444.5081232,203,9618
2024-09-14 00:00:00.000 UTC,16725,152449250.1896426,210,10416
2024-09-15 00:00:00.000 UTC,15016,106557640.41271149,198,9796
2024-09-16 00:00:00.000 UTC,16103,266091703.8029179,233,10481
2024-09-17 00:00:00.000 UTC,15567,183089190.33803248,226,9811
2024-09-18 00:00:00.000 UTC,17254,215050553.2929753,356,10087
2024-09-19 00:00:00.000 UTC,16981,269943285.0554595,228,10172
2024-09-20 00:00:00.000 UTC,17285,202191765.6452215,271,10108
2024-09-21 00:00:00.000 UTC,19195,128522106.7235524,178,10744
2024-09-22 00:00:00.000 UTC,20427,119762299.22984527,220,10886
2024-09-23 00:00:00.000 UTC,14513,187059934.94972837,205,8762
2024-09-24 00:00:00.000 UTC,14396,144300711.84870985,193,8590
2024-09-25 00:00:00.000 UTC,12983,141419775.43050274,169,8142
2024-09-26 00:00:00.000 UTC,12657,208003209.9530157,151,7978
2024-09-27 00:00:00.000 UTC,11552,183730243.32213682,193,7665
2024-09-28 00:00:00.000 UTC,12496,141293319.02478892,223,8195
2024-09-29 00:00:00.000 UTC,15974,132883103.58088282,212,9549
2024-09-30 00:00:00.000 UTC,12496,356713914.37302935,224,8062
2024-10-01 00:00:00.000 UTC,9551,363447946.66207975,202,6704
2024-10-02 00:00:00.000 UTC,11576,283967100.6845962,199,8028
2024-10-03 00:00:00.000 UTC,10956,275898466.8183446,217,7575
2024-10-04 00:00:00.000 UTC,12937,257031529.34406942,216,8612
2024-10-05 00:00:00.000 UTC,16272,120219595.94357994,266,9956
2024-10-06 00:00:00.000 UTC,17895,194203427.5477876,228,10593
2024-10-07 00:00:00.000 UTC,13600,182242701.4243841,195,8524
2024-10-08 00:00:00.000 UTC,16118,204752819.25321853,237,9486
2024-10-09 00:00:00.000 UTC,15064,177938822.59657532,210,9071
2024-10-10 00:00:00.000 UTC,16881,290938009.98775166,223,9876
2024-10-11 00:00:00.000 UTC,15067,186050753.83240592,180,8870
2024-10-12 00:00:00.000 UTC,16899,204779788.02026924,229,9953
2024-10-13 00:00:00.000 UTC,16761,144870614.11350867,232,9914
2024-10-14 00:00:00.000 UTC,11582,244949465.25701833,252,7585
2024-10-15 00:00:00.000 UTC,10485,223326026.569143,230,7063
2024-10-16 00:00:00.000 UTC,12511,226886992.72855222,257,7895
2024-10-17 00:00:00.000 UTC,9670,145588828.00794953,191,6587
2024-10-18 00:00:00.000 UTC,9617,139152835.55522966,207,6524
2024-10-19 00:00:00.000 UTC,10898,110933451.4238846,196,7309
2024-10-20 00:00:00.000 UTC,11151,120526265.83102505,186,7443
2024-10-21 00:00:00.000 UTC,12112,273367109.2827978,255,7851
2024-10-22 00:00:00.000 UTC,11470,159111710.54868984,178,7624
2024-10-23 00:00:00.000 UTC,11270,183923219.0164352,188,7460
2024-10-24 00:00:00.000 UTC,12463,296490538.64685285,212,8045
2024-10-25 00:00:00.000 UTC,12152,241986519.75270444,250,8141
2024-10-26 00:00:00.000 UTC,12771,136352672.18756992,206,8383
2024-10-27 00:00:00.000 UTC,10865,208741427.52122414,183,7478
2024-10-28 00:00:00.000 UTC,9181,234756933.2818391,195,6484
2024-10-29 00:00:00.000 UTC,9570,306191624.34734327,185,6616
2024-10-30 00:00:00.000 UTC,10199,163728079.7566793,211,7176
2024-10-31 00:00:00.000 UTC,8349,206668921.55946755,257,6028
2024-11-01 00:00:00.000 UTC,8924,189377160.87048405,191,6360
2024-11-02 00:00:00.000 UTC,13117,129069490.9699195,208,8610
2024-11-03 00:00:00.000 UTC,14399,176566293.56471953,242,9068
2024-11-04 00:00:00.000 UTC,10541,280466097.18174845,230,7319
2024-11-05 00:00:00.000 UTC,10863,310169924.52323514,235,7422
2024-11-06 00:00:00.000 UTC,9366,319606996.13439924,211,6489
2024-11-07 00:00:00.000 UTC,7765,214561427.48099512,188,5578
2024-11-08 00:00:00.000 UTC,9640,307475098.84821,194,6643
2024-11-09 00:00:00.000 UTC,10681,202678528.30124706,197,7147
2024-11-10 00:00:00.000 UTC,9344,219033589.55748945,206,6493
2024-11-11 00:00:00.000 UTC,7918,213683713.59051037,201,5609
2024-11-12 00:00:00.000 UTC,7399,219887102.93362617,213,5218
2024-11-13 00:00:00.000 UTC,8284,334429134.531423,170,5921
2024-11-14 00:00:00.000 UTC,7954,275998711.00258803,179,5609
2024-11-15 00:00:00.000 UTC,7843,165791036.93001866,165,5693
2024-11-16 00:00:00.000 UTC,9286,211184269.06942955,181,6489
2024-11-17 00:00:00.000 UTC,8768,242719709.1106857,207,6191
2024-11-18 00:00:00.000 UTC,8395,290738457.0768598,205,6069
2024-11-19 00:00:00.000 UTC,8995,277320349.44515467,211,6335
2024-11-20 00:00:00.000 UTC,9449,271659986.7842444,193,6472
2024-11-21 00:00:00.000 UTC,8881,442624230.99516493,200,6258
2024-11-22 00:00:00.000 UTC,8029,248536767.27689955,166,5807
2024-11-23 00:00:00.000 UTC,7369,221833855.97700346,320,5244
2024-11-24 00:00:00.000 UTC,8005,247701741.96172312,197,5904
2024-11-25 00:00:00.000 UTC,7528,425109933.31858444,196,5623
2024-11-26 00:00:00.000 UTC,7519,280957508.70206326,183,5656
2024-11-27 00:00:00.000 UTC,8555,428535387.0253013,205,6203
2024-11-28 00:00:00.000 UTC,6885,256705973.95184797,242,5076
2024-11-29 00:00:00.000 UTC,6540,254100989.41442627,191,4812
2024-11-30 00:00:00.000 UTC,6194,217968357.2918708,175,4711
2024-12-01 00:00:00.000 UTC,5647,200472695.74268195,221,4300
2024-12-02 00:00:00.000 UTC,5332,242102585.74740392,160,4160
2024-12-03 00:00:00.000 UTC,5088,297824580.3788567,141,3848
2024-12-04 00:00:00.000 UTC,4806,247553247.59407735,150,3689
2024-12-05 00:00:00.000 UTC,4561,320239037.2377542,147,3596
2024-12-06 00:00:00.000 UTC,4777,844342243.3578788,141,3817
2024-12-07 00:00:00.000 UTC,4656,313556345.5664885,142,3642
2024-12-08 00:00:00.000 UTC,5341,258520291.02060515,143,4213
2024-12-09 00:00:00.000 UTC,3928,259558937.3471624,122,3154
2024-12-10 00:00:00.000 UTC,3940,195202679.75378692,118,3222
2024-12-11 00:00:00.000 UTC,4353,231707477.8718709,116,3502
2024-12-12 00:00:00.000 UTC,3746,246960432.05451822,111,3095
2024-12-13 00:00:00.000 UTC,4422,235689923.60478336,119,3504
2024-12-14 00:00:00.000 UTC,4504,193043815.54083884,138,3624
2024-12-15 00:00:00.000 UTC,5264,268111766.82066023,141,4125
2024-12-16 00:00:00.000 UTC,4955,360186439.49776214,176,3953
2024-12-17 00:00:00.000 UTC,4672,289860921.1410129,147,3740
2024-12-18 00:00:00.000 UTC,4676,258905666.53503972,131,3742
2024-12-19 00:00:00.000 UTC,4640,262719077.3586922,153,3637
2024-12-20 00:00:00.000 UTC,5125,275623129.4431375,151,4016
2024-12-21 00:00:00.000 UTC,6400,172604321.1639475,154,4900
2024-12-22 00:00:00.000 UTC,7197,159370484.36459827,177,5379
2024-12-23 00:00:00.000 UTC,6266,179735344.05775976,148,4764
2024-12-24 00:00:00.000 UTC,6988,170092746.52303246,154,5272
2024-12-25 00:00:00.000 UTC,6046,144282262.58919674,138,4741
2024-12-26 00:00:00.000 UTC,7206,250148069.3739629,172,5428
2024-12-27 00:00:00.000 UTC,7479,254408418.17401385,158,5706
2024-12-28 00:00:00.000 UTC,8730,307748222.61702734,156,6373
2024-12-29 00:00:00.000 UTC,7552,272961527.7584546,179,5688
2024-12-30 00:00:00.000 UTC,6549,213138750.87049708,164,5073
2024-12-31 00:00:00.000 UTC,8668,376699789.1679754,213,6470
2025-01-01 00:00:00.000 UTC,10125,237738506.16538745,145,7118
2025-01-02 00:00:00.000 UTC,5311,197362861.74788988,117,4019
2025-01-03 00:00:00.000 UTC,8133,229986212.57885092,157,5933
2025-01-04 00:00:00.000 UTC,9878,232760836.11788788,165,6957
2025-01-05 00:00:00.000 UTC,8041,212187587.22216114,145,5866
2025-01-06 00:00:00.000 UTC,8162,363357784.3528901,132,5934
2025-01-07 00:00:00.000 UTC,7745,284005794.77369463,226,5595
2025-01-08 00:00:00.000 UTC,7139,260053818.81801814,155,5280
2025-01-09 00:00:00.000 UTC,5747,231376044.34314474,149,4526
2025-01-10 00:00:00.000 UTC,5833,196559958.96890378,158,4668
2025-01-11 00:00:00.000 UTC,6350,168515446.86529124,155,4971
2025-01-12 00:00:00.000 UTC,6549,144378747.80346027,172,5097
2025-01-13 00:00:00.000 UTC,6415,282042686.37424284,196,4970
2025-01-14 00:00:00.000 UTC,6501,205171848.87679505,166,5081
2025-01-15 00:00:00.000 UTC,6170,241156274.13746834,167,4756
2025-01-16 00:00:00.000 UTC,6222,169127349.63269347,171,4770
2025-01-17 00:00:00.000 UTC,6019,201121817.52519253,145,4727
2025-01-18 00:00:00.000 UTC,6596,329603868.96977544,175,5031
2025-01-19 00:00:00.000 UTC,4827,293214918.4472555,129,3932
2025-01-20 00:00:00.000 UTC,4332,209186413.04673207,103,3531
2025-01-21 00:00:00.000 UTC,4642,253849170.94781363,136,3723
2025-01-22 00:00:00.000 UTC,5353,162869403.03378004,138,4279
2025-01-23 00:00:00.000 UTC,5320,241275850.89604762,150,4211
2025-01-24 00:00:00.000 UTC,5211,259383369.57005182,148,4142
2025-01-25 00:00:00.000 UTC,4967,167959426.04714274,145,3973
2025-01-26 00:00:00.000 UTC,6258,182913311.79589984,164,4886
2025-01-27 00:00:00.000 UTC,5841,358329096.23107153,180,4684
2025-01-28 00:00:00.000 UTC,5535,238840225.82388192,170,4410
2025-01-29 00:00:00.000 UTC,5875,285868100.52912235,186,4704
2025-01-30 00:00:00.000 UTC,6152,248121238.79747528,191,4923
2025-01-31 00:00:00.000 UTC,5961,257146541.99793962,177,4857
2025-02-01 00:00:00.000 UTC,6084,240469185.3153929,212,4765
2025-02-02 00:00:00.000 UTC,6279,287644383.2565644,192,4779
2025-02-03 00:00:00.000 UTC,5514,537490239.1966165,169,4266
2025-02-04 00:00:00.000 UTC,7734,318194462.61952084,238,5831
2025-02-05 00:00:00.000 UTC,7795,236019559.00032818,227,6011
2025-02-06 00:00:00.000 UTC,7066,233822606.55014056,202,5504
2025-02-07 00:00:00.000 UTC,8609,230615314.3004079,239,6404
2025-02-08 00:00:00.000 UTC,7290,174994471.15881857,230,5643
2025-02-09 00:00:00.000 UTC,7972,166400339.70949042,196,6171
2025-02-10 00:00:00.000 UTC,8879,326239174.2903049,226,6627
2025-02-11 00:00:00.000 UTC,9616,223543242.7356504,224,6888
2025-02-12 00:00:00.000 UTC,6999,266045995.38824338,206,5396
2025-02-13 00:00:00.000 UTC,6875,189739510.56528854,196,5298
2025-02-14 00:00:00.000 UTC,5920,243594924.78887558,200,4781
2025-02-15 00:00:00.000 UTC,5351,129005496.33406046,173,4278
2025-02-16 00:00:00.000 UTC,5852,162604156.6551237,169,4600
2025-02-17 00:00:00.000 UTC,7612,206396381.32331663,178,5912
2025-02-18 00:00:00.000 UTC,8116,233013494.03152186,199,6047
2025-02-19 00:00:00.000 UTC,6770,277683462.1087822,228,5286
2025-02-20 00:00:00.000 UTC,6404,227208760.86918652,183,5040
2025-02-21 00:00:00.000 UTC,5815,352822186.68445307,164,4682
2025-02-22 00:00:00.000 UTC,6251,216207152.54202616,189,4883
2025-02-23 00:00:00.000 UTC,6261,318950875.01915526,222,4940
2025-02-24 00:00:00.000 UTC,6287,318229554.07681644,213,4897
2025-02-25 00:00:00.000 UTC,6621,389432785.1170014,178,5213
2025-02-26 00:00:00.000 UTC,6024,260680744.03638515,184,4662
2025-02-27 00:00:00.000 UTC,6221,307070468.3591065,183,4911
2025-02-28 00:00:00.000 UTC,7372,410705537.95738053,218,5608
2025-03-01 00:00:00.000 UTC,5882,196640348.2806351,217,4664
2025-03-02 00:00:00.000 UTC,5876,248189572.2574661,223,4599
2025-03-03 00:00:00.000 UTC,5809,263241118.63539237,166,4718
2025-03-04 00:00:00.000 UTC,6391,300612129.8475493,190,5089
2025-03-05 00:00:00.000 UTC,5859,232581330.6876447,171,4658
2025-03-06 00:00:00.000 UTC,5370,233043338.92885852,162,4225
2025-03-07 00:00:00.000 UTC,5655,199525456.07665056,153,4559
2025-03-08 00:00:00.000 UTC,5786,184794529.25226784,181,4659
2025-03-09 00:00:00.000 UTC,6122,209968357.1019633,210,4898
2025-03-10 00:00:00.000 UTC,5671,313914275.14927095,172,4593
2025-03-11 00:00:00.000 UTC,6938,274016205.4737516,189,5405
2025-03-12 00:00:00.000 UTC,5812,399683336.9355664,205,4675
2025-03-13 00:00:00.000 UTC,5846,176822138.0465514,163,4713
2025-03-14 00:00:00.000 UTC,5582,198413463.67231774,157,4429
2025-03-15 00:00:00.000 UTC,5523,144882147.27275282,150,4435
2025-03-16 00:00:00.000 UTC,6394,167724453.18078953,161,5046
2025-03-17 00:00:00.000 UTC,6487,153268374.99301565,164,5108
2025-03-18 00:00:00.000 UTC,5471,166664904.82763392,167,4396
2025-03-19 00:00:00.000 UTC,6726,228551121.56086132,184,5194
2025-03-20 00:00:00.000 UTC,6517,209988985.73468697,151,5063
2025-03-21 00:00:00.000 UTC,5682,178815034.5957755,154,4391
2025-03-22 00:00:00.000 UTC,5466,107958325.64929797,171,4277
2025-03-23 00:00:00.000 UTC,5388,133592617.51881956,127,4270
2025-03-24 00:00:00.000 UTC,5796,205949592.8391105,126,4672
2025-03-25 00:00:00.000 UTC,5620,243803567.48773378,136,4538
2025-03-26 00:00:00.000 UTC,5545,212066422.3367075,135,4505
2025-03-27 00:00:00.000 UTC,5929,255688378.46661603,141,4774
2025-03-28 00:00:00.000 UTC,6848,280105795.45531404,147,5332
2025-03-29 00:00:00.000 UTC,5721,204460619.98698232,129,4359
2025-03-30 00:00:00.000 UTC,6507,204063590.2297001,131,4975
2025-03-31 00:00:00.000 UTC,6803,332094549.565037,145,5433
2025-04-01 00:00:00.000 UTC,7372,315301342.5674181,132,5896
2025-04-02 00:00:00.000 UTC,6537,350842244.58338195,120,5393
2025-04-03 00:00:00.000 UTC,6368,317625940.57864445,127,5108
2025-04-04 00:00:00.000 UTC,6701,350615577.0847444,110,5345
2025-04-05 00:00:00.000 UTC,6836,278733618.7630274,123,5319
2025-04-06 00:00:00.000 UTC,6861,418318958.3937473,120,5411
2025-04-07 00:00:00.000 UTC,7151,441484951.9818551,125,5572
2025-04-08 00:00:00.000 UTC,7026,408381079.959379,143,5579
2025-04-09 00:00:00.000 UTC,6690,434206826.9210055,141,5376
2025-04-10 00:00:00.000 UTC,7132,600439645.4915802,131,5579
2025-04-11 00:00:00.000 UTC,7659,458977098.90402234,132,5969
2025-04-12 00:00:00.000 UTC,6716,305092619.85417867,131,5317
2025-04-13 00:00:00.000 UTC,6723,265030371.74369305,116,5137
2025-04-14 00:00:00.000 UTC,6323,309075245.17525893,132,4786
2025-04-15 00:00:00.000 UTC,7142,362587131.8238447,137,5396
2025-04-16 00:00:00.000 UTC,6201,346282762.3008231,142,4874
2025-04-17 00:00:00.000 UTC,5978,371311823.0035209,109,4747
2025-04-18 00:00:00.000 UTC,6260,272744050.68163306,123,4934
2025-04-19 00:00:00.000 UTC,5504,272991096.6625747,110,4351
2025-04-20 00:00:00.000 UTC,6488,190142303.36058152,108,5028
2025-04-21 00:00:00.000 UTC,5769,293947939.0004051,120,4517
2025-04-22 00:00:00.000 UTC,5146,371776706.6236596,119,4126
2025-04-23 00:00:00.000 UTC,6040,357926008.058774,140,4732
2025-04-24 00:00:00.000 UTC,6198,295227932.9595608,115,4731
2025-04-25 00:00:00.000 UTC,7444,325075202.15214753,141,5569
2025-04-26 00:00:00.000 UTC,5978,281426932.7148887,124,4720
2025-04-27 00:00:00.000 UTC,6309,226218553.93178868,132,4938
2025-04-28 00:00:00.000 UTC,5919,353254684.5701795,107,4620
2025-04-29 00:00:00.000 UTC,5551,310301620.3622266,132,4336
2025-04-30 00:00:00.000 UTC,5440,352419699.3837881,115,4286
2025-05-01 00:00:00.000 UTC,6549,395316794.879012,131,4925
2025-05-02 00:00:00.000 UTC,5428,276991449.2539991,123,4264
2025-05-03 00:00:00.000 UTC,5242,224553154.7393195,112,4233
2025-05-04 00:00:00.000 UTC,5194,181610251.83824572,113,4187
2025-05-05 00:00:00.000 UTC,6072,300716635.8199451,177,4683
2025-05-06 00:00:00.000 UTC,5105,333215125.3943883,109,4092
2025-05-07 00:00:00.000 UTC,4465,285418604.2855937,106,3704
2025-05-08 00:00:00.000 UTC,4833,382128909.76425827,111,3790
2025-05-09 00:00:00.000 UTC,6281,420582855.76699144,127,4934
2025-05-10 00:00:00.000 UTC,12362,311905529.93650055,116,8335
2025-05-11 00:00:00.000 UTC,12660,312405985.4169222,106,8445
2025-05-12 00:00:00.000 UTC,9179,405969941.8791316,108,6701
2025-05-13 00:00:00.000 UTC,9393,521019380.15730864,124,6816
2025-05-14 00:00:00.000 UTC,7956,557617391.5910269,145,6181
2025-05-15 00:00:00.000 UTC,7179,414248989.2335516,120,5545
2025-05-16 00:00:00.000 UTC,8650,408903221.08711314,118,6593
2025-05-17 00:00:00.000 UTC,7502,289621055.4475808,109,5966
2025-05-18 00:00:00.000 UTC,7764,258202776.63913345,117,6177
2025-05-19 00:00:00.000 UTC,7759,353311386.4296998,125,6180
2025-05-20 00:00:00.000 UTC,7681,474869431.01771086,88,6117
2025-05-21 00:00:00.000 UTC,7077,388120296.03959537,113,5625
2025-05-22 00:00:00.000 UTC,8757,492618560.5402354,129,6732
2025-05-23 00:00:00.000 UTC,9109,531429010.5722605,122,6922
2025-05-24 00:00:00.000 UTC,9519,467378017.0705347,127,7198
2025-05-25 00:00:00.000 UTC,11862,241560272.57384717,134,8594
2025-05-26 00:00:00.000 UTC,10362,419967014.62225044,128,7744
2025-05-27 00:00:00.000 UTC,8513,539960380.4137676,121,6528
2025-05-28 00:00:00.000 UTC,9117,542896744.9596592,118,6945
2025-05-29 00:00:00.000 UTC,9266,661777680.5815903,109,7013
2025-05-30 00:00:00.000 UTC,9865,531008648.0210917,120,7305
2025-05-31 00:00:00.000 UTC,9333,401583151.47573876,120,7008
2025-06-01 00:00:00.000 UTC,11094,426773251.8990269,118,8189
2025-06-02 00:00:00.000 UTC,10966,344203116.22537637,106,7988
2025-06-03 00:00:00.000 UTC,9016,380589577.6371314,92,6736
2025-06-04 00:00:00.000 UTC,9636,399463251.30264413,115,7236
2025-06-05 00:00:00.000 UTC,9647,433599626.8985731,127,7226
2025-06-06 00:00:00.000 UTC,9133,324112875.9393388,124,6932
2025-06-07 00:00:00.000 UTC,8491,197905559.92607278,125,6442
2025-06-08 00:00:00.000 UTC,11720,296065765.2864789,137,8447
2025-06-09 00:00:00.000 UTC,8859,484541188.5415112,121,6567
2025-06-10 00:00:00.000 UTC,8395,646612342.030472,120,6402
2025-06-11 00:00:00.000 UTC,8837,423953531.2044437,126,6715
2025-06-12 00:00:00.000 UTC,8187,382573251.19773185,115,6355
2025-06-13 00:00:00.000 UTC,8451,525301080.3921049,124,6500
2025-06-14 00:00:00.000 UTC,8201,383141742.1441413,121,6244
2025-06-15 00:00:00.000 UTC,8230,396770184.7997213,131,6345
2025-06-16 00:00:00.000 UTC,8033,454216625.9181279,126,6116
2025-06-17 00:00:00.000 UTC,8401,425233529.68745184,133,6372
2025-06-18 00:00:00.000 UTC,8525,316024329.97612655,150,6509
2025-06-19 00:00:00.000 UTC,9436,304971986.3449076,135,7156
2025-06-20 00:00:00.000 UTC,9061,314901722.7910866,136,6687
2025-06-21 00:00:00.000 UTC,8372,215362756.34323442,148,6232
2025-06-22 00:00:00.000 UTC,8098,351749815.68491787,126,6084
2025-06-23 00:00:00.000 UTC,8008,388610970.0439646,131,5985
2025-06-24 00:00:00.000 UTC,5765,443413092.90180945,89,4566
2025-06-25 00:00:00.000 UTC,4751,298531208.353393,70,3871
2025-06-26 00:00:00.000 UTC,5821,399124778.24232805,114,4680
2025-06-27 00:00:00.000 UTC,7070,249281327.18229932,96,5475
2025-06-28 00:00:00.000 UTC,6731,158884532.07381263,110,5231
2025-06-29 00:00:00.000 UTC,6837,182461751.12894958,103,5256
2025-06-30 00:00:00.000 UTC,6244,272342088.78575766,92,4966
2025-07-01 00:00:00.000 UTC,7907,395785620.5942265,108,5986
2025-07-02 00:00:00.000 UTC,8596,520703859.02913076,131,6234
2025-07-03 00:00:00.000 UTC,6894,482024495.69353074,124,5316
2025-07-04 00:00:00.000 UTC,7619,331815551.20215136,109,5801
2025-07-05 00:00:00.000 UTC,9875,121653166.76044658,127,7569
2025-07-06 00:00:00.000 UTC,8539,145374290.09188208,119,6344
2025-07-07 00:00:00.000 UTC,10029,272654858.6262253,105,7442
2025-07-08 00:00:00.000 UTC,10238,385668118.5650448,107,7274
2025-07-09 00:00:00.000 UTC,8017,433491242.39600396,103,6038
2025-07-10 00:00:00.000 UTC,8141,543112079.2095728,98,6047
2025-07-11 00:00:00.000 UTC,6887,818750429.2803477,106,5304
2025-07-12 00:00:00.000 UTC,8425,564256536.66615,124,6266
2025-07-13 00:00:00.000 UTC,10479,450349710.4700089,127,7452
2025-07-14 00:00:00.000 UTC,8196,734293054.4911077,118,6175
2025-07-15 00:00:00.000 UTC,7106,720379215.6653727,99,5444
2025-07-16 00:00:00.000 UTC,6416,745890958.8066546,116,5058
2025-07-17 00:00:00.000 UTC,5327,673652368.379352,112,4263
2025-07-18 00:00:00.000 UTC,5125,600074974.2343082,106,4158
2025-07-19 00:00:00.000 UTC,6055,377220288.21559453,121,4878
2025-07-20 00:00:00.000 UTC,7269,766889312.3383026,122,5684
2025-07-21 00:00:00.000 UTC,7619,912817031.523282,122,5843
2025-07-22 00:00:00.000 UTC,7391,823460773.1552609,143,5689
2025-07-23 00:00:00.000 UTC,7374,825183449.5432644,130,5624
2025-07-24 00:00:00.000 UTC,6889,736077416.4239976,115,5270
2025-07-25 00:00:00.000 UTC,6628,837698026.8282824,138,5290
2025-07-26 00:00:00.000 UTC,7974,660952233.1838968,131,6297
2025-07-27 00:00:00.000 UTC,6974,950605129.4025178,124,5439
2025-07-28 00:00:00.000 UTC,8439,1263609097.0177126,129,6317
2025-07-29 00:00:00.000 UTC,5937,765729795.8748653,101,4702
2025-07-30 00:00:00.000 UTC,4370,752988971.8678569,85,3587
2025-07-31 00:00:00.000 UTC,4249,796006748.8133085,87,3494
2025-08-01 00:00:00.000 UTC,6283,961706073.4225364,133,4874
2025-08-02 00:00:00.000 UTC,6991,907160422.5120986,129,5278
2025-08-03 00:00:00.000 UTC,6766,698092259.6502222,102,5174
2025-08-04 00:00:00.000 UTC,6265,1135401166.799498,124,4873
2025-08-05 00:00:00.000 UTC,6368,715680518.5551766,115,5009
2025-08-06 00:00:00.000 UTC,6636,863496146.7815479,99,5157
2025-08-07 00:00:00.000 UTC,6767,1024909856.899967,147,5159
2025-08-08 00:00:00.000 UTC,7064,1073129001.5553992,144,5362
2025-08-09 00:00:00.000 UTC,8567,1610042604.9257092,127,6325
2025-08-10 00:00:00.000 UTC,7628,1049700984.2686116,120,5886
2025-08-11 00:00:00.000 UTC,8653,1373120607.2101634,136,6365
2025-08-12 00:00:00.000 UTC,7533,1325545116.8932977,124,5666
2025-08-13 00:00:00.000 UTC,8013,1257567365.0503552,118,5923
2025-08-14 00:00:00.000 UTC,7365,1471728543.387352,106,5573
2025-08-15 00:00:00.000 UTC,7417,977505266.5791647,112,5742
2025-08-16 00:00:00.000 UTC,7569,629879558.9256335,132,5641
2025-08-17 00:00:00.000 UTC,7892,645611667.5857865,116,6022
2025-08-18 00:00:00.000 UTC,7520,1184891161.7405815,115,5793
2025-08-19 00:00:00.000 UTC,7422,1212996354.482746,125,5683
2025-08-20 00:00:00.000 UTC,7395,914673143.7403657,110,5710
2025-08-21 00:00:00.000 UTC,7530,976842163.7154318,110,5727
2025-08-22 00:00:00.000 UTC,8248,1390768101.896223,174,6181
2025-08-23 00:00:00.000 UTC,6901,812969090.3730897,117,5347
2025-08-24 00:00:00.000 UTC,6183,863023937.8278085,120,4983
2025-08-25 00:00:00.000 UTC,6305,1271011369.1032043,128,4919
2025-08-26 00:00:00.000 UTC,6107,1109547323.4894671,123,4727
2025-08-27 00:00:00.000 UTC,6894,1094840699.3244479,101,5338
2025-08-28 00:00:00.000 UTC,7477,819172214.3208576,130,5623
2025-08-29 00:00:00.000 UTC,7359,895538198.852096,123,5723
2025-08-30 00:00:00.000 UTC,6385,454097883.649233,95,5024
2025-08-31 00:00:00.000 UTC,6117,534066882.9444945,90,4828
2025-09-01 00:00:00.000 UTC,5038,908972419.4626096,110,4142
2025-09-02 00:00:00.000 UTC,5413,603671325.7941755,114,4359
2025-09-03 00:00:00.000 UTC,4698,849289732.9736127,110,3886
2025-09-04 00:00:00.000 UTC,5511,667032263.606486,101,4431
2025-09-05 00:00:00.000 UTC,5319,595617187.8477901,96,4238
2025-09-06 00:00:00.000 UTC,5383,396306460.05323136,87,4315
2025-09-07 00:00:00.000 UTC,5545,338184737.5459156,91,4638
2025-09-08 00:00:00.000 UTC,6063,563989553.166893,107,5150
2025-09-09 00:00:00.000 UTC,6366,746785782.4034672,106,5079
2025-09-10 00:00:00.000 UTC,6185,534259791.0146675,130,4918
2025-09-11 00:00:00.000 UTC,5472,441046552.4400523,135,4529
2025-09-12 00:00:00.000 UTC,6150,649285511.1732279,120,4877
2025-09-13 00:00:00.000 UTC,5774,518846601.25584054,124,4611
2025-09-14 00:00:00.000 UTC,5965,402007661.21331424,118,4807
2025-09-15 00:00:00.000 UTC,5688,831623668.8021195,115,4700
2025-09-16 00:00:00.000 UTC,4539,714767344.3515338,103,3765
2025-09-17 00:00:00.000 UTC,4872,576694114.4285462,106,4024
2025-09-18 00:00:00.000 UTC,4059,521519233.89736813,120,3339
2025-09-19 00:00:00.000 UTC,4038,545738150.3992431,106,3345
2025-09-20 00:00:00.000 UTC,3482,469564436.74926627,100,2924
2025-09-21 00:00:00.000 UTC,4923,367656841.7529589,122,3982
2025-09-22 00:00:00.000 UTC,5363,635488835.5430702,128,4324
2025-09-23 00:00:00.000 UTC,4988,504358425.11467457,98,4038
2025-09-24 00:00:00.000 UTC,5067,508876624.6187203,109,4051
2025-09-25 00:00:00.000 UTC,5261,1192716230.0612106,109,4169
2025-09-26 00:00:00.000 UTC,5253,853722931.9517008,124,4186
2025-09-27 00:00:00.000 UTC,5856,610939956.5171613,107,4601
2025-09-28 00:00:00.000 UTC,5455,355599041.5415267,95,4256
2025-09-29 00:00:00.000 UTC,5352,667296401.3017902,104,4151
2025-09-30 00:00:00.000 UTC,5785,652487693.663211,122,4514
2025-10-01 00:00:00.000 UTC,5200,714449039.3005478,102,4239
2025-10-02 00:00:00.000 UTC,4866,608939031.2551631,112,4023
2025-10-03 00:00:00.000 UTC,5192,627020042.94813,124,4235
2025-10-04 00:00:00.000 UTC,6000,353719676.18574286,122,4838
2025-10-05 00:00:00.000 UTC,5616,391087772.75565684,111,4556
2025-10-06 00:00:00.000 UTC,4951,530019595.8121797,113,4062
2025-10-07 00:00:00.000 UTC,5412,668634296.2059168,110,4412
2025-10-08 00:00:00.000 UTC,5578,459076861.58458436,118,4451
2025-10-09 00:00:00.000 UTC,5933,475433657.8619031,113,4660
2025-10-10 00:00:00.000 UTC,5077,495763858.1971687,119,4151
2025-10-11 00:00:00.000 UTC,6674,537507172.7726544,137,5041
2025-10-12 00:00:00.000 UTC,5432,344335507.9838777,133,4260
2025-10-13 00:00:00.000 UTC,4796,373347643.1359388,101,3941
2025-10-14 00:00:00.000 UTC,4977,487453946.6415419,110,4027
2025-10-15 00:00:00.000 UTC,4778,927070800.6490046,113,3906
2025-10-16 00:00:00.000 UTC,4521,501196726.8683764,128,3709
2025-10-17 00:00:00.000 UTC,4702,563823907.2864815,110,3882
2025-10-18 00:00:00.000 UTC,3997,267480555.89632952,85,3353
2025-10-19 00:00:00.000 UTC,3716,292065186.8603179,96,3167
2025-10-20 00:00:00.000 UTC,5723,313914505.7010254,106,4664
2025-10-21 00:00:00.000 UTC,5189,400610841.80888355,86,4321
2025-10-22 00:00:00.000 UTC,5258,608525635.125928,131,4236
2025-10-23 00:00:00.000 UTC,4065,381780048.5762145,104,3493
2025-10-24 00:00:00.000 UTC,4514,526251018.73058814,103,3777
2025-10-25 00:00:00.000 UTC,4900,241564263.2890206,92,3963
2025-10-26 00:00:00.000 UTC,5059,255162210.57095283,123,4027
2025-10-27 00:00:00.000 UTC,5293,582032026.0003263,124,4205
2025-10-28 00:00:00.000 UTC,4660,473463466.62538695,102,3859
2025-10-29 00:00:00.000 UTC,4031,458334880.97820055,99,3320
2025-10-30 00:00:00.000 UTC,4057,374388963.60798633,95,3346
2025-10-31 00:00:00.000 UTC,4241,355563706.61891544,89,3573
2025-11-01 00:00:00.000 UTC,4512,172237026.22327515,94,3744
2025-11-02 00:00:00.000 UTC,4787,136237976.86228132,92,3945
2025-11-03 00:00:00.000 UTC,5148,447228147.9030882,97,4184
2025-11-04 00:00:00.000 UTC,4615,504080554.01488537,93,3721
2025-11-05 00:00:00.000 UTC,4367,397259922.6678531,104,3614
2025-11-06 00:00:00.000 UTC,3691,374927401.3109257,70,3141
2025-11-07 00:00:00.000 UTC,4001,456169211.8422074,81,3299
2025-11-08 00:00:00.000 UTC,3831,294743490.30165565,105,3240
2025-11-09 00:00:00.000 UTC,4268,249704086.91032094,104,3542
2025-11-10 00:00:00.000 UTC,4069,400209366.5032117,83,3420
2025-11-11 00:00:00.000 UTC,4168,412119642.1975691,80,3426
2025-11-12 00:00:00.000 UTC,4264,437344605.22886515,109,3470
2025-11-13 00:00:00.000 UTC,4626,362988573.65032077,115,3768
2025-11-14 00:00:00.000 UTC,4488,365380317.2180563,96,3683
2025-11-15 00:00:00.000 UTC,4263,273953352.871127,101,3586
2025-11-16 00:00:00.000 UTC,4792,297652824.3910054,101,3995
2025-11-17 00:00:00.000 UTC,5273,398042716.53372765,102,4390
2025-11-18 00:00:00.000 UTC,4558,283056025.4598528,101,3767
2025-11-19 00:00:00.000 UTC,5609,277241622.58220935,102,4469
2025-11-20 00:00:00.000 UTC,5497,243619078.23770666,92,4446
2025-11-21 00:00:00.000 UTC,4182,248313057.94966057,94,3539
2025-11-22 00:00:00.000 UTC,4075,193131525.38594642,76,3405
2025-11-23 00:00:00.000 UTC,3685,165364327.3306222,80,3169
2025-11-24 00:00:00.000 UTC,4203,273549404.2716253,95,3515
2025-11-25 00:00:00.000 UTC,4584,352530366.44313914,90,3841
2025-11-26 00:00:00.000 UTC,4650,298348031.2246152,90,3840
2025-11-27 00:00:00.000 UTC,4299,451463100.73867154,81,3601
2025-11-28 00:00:00.000 UTC,4835,324028263.570594,94,3862
2025-11-29 00:00:00.000 UTC,4364,335351305.3488046,75,3640
2025-11-30 00:00:00.000 UTC,4248,222634062.71781662,76,3511
2025-12-01 00:00:00.000 UTC,6025,561760174.1922327,95,4825
2025-12-02 00:00:00.000 UTC,5065,458865486.67974347,85,4206
2025-12-03 00:00:00.000 UTC,4991,387379674.56160545,89,4221
2025-12-04 00:00:00.000 UTC,4976,389493707.67945737,72,4040
2025-12-05 00:00:00.000 UTC,5217,418959413.6780823,91,4352
2025-12-06 00:00:00.000 UTC,4055,238826764.21993333,84,3533
2025-12-07 00:00:00.000 UTC,2782,241843701.85348976,59,2524
2025-12-08 00:00:00.000 UTC,2934,246518551.73691246,78,2543
2025-12-09 00:00:00.000 UTC,4597,340149901.9250926,104,3766
2025-12-10 00:00:00.000 UTC,4538,345312420.5855648,106,3710
2025-12-11 00:00:00.000 UTC,4745,338105595.3083044,99,3842
2025-12-12 00:00:00.000 UTC,5174,384020812.07507855,84,4133
2025-12-13 00:00:00.000 UTC,5712,292465458.7348978,80,4637
2025-12-14 00:00:00.000 UTC,4662,172177613.33840606,92,3846
2025-12-15 00:00:00.000 UTC,5787,404349304.6241228,101,4656
2025-12-16 00:00:00.000 UTC,5625,327736825.4521157,92,4621
2025-12-17 00:00:00.000 UTC,6170,394210467.8836541,101,4883
2025-12-18 00:00:00.000 UTC,5973,567860808.746766,109,4861
2025-12-19 00:00:00.000 UTC,5633,354228027.5791654,95,4630
2025-12-20 00:00:00.000 UTC,4831,251494526.48853016,88,4024
2025-12-21 00:00:00.000 UTC,4803,220303316.1794657,102,3984
2025-12-22 00:00:00.000 UTC,5477,392248727.8094018,93,4435
2025-12-23 00:00:00.000 UTC,5992,348207766.7466157,79,4891
2025-12-24 00:00:00.000 UTC,6341,302255882.27640235,89,5139
2025-12-25 00:00:00.000 UTC,6451,220720168.52020267,85,5334
2025-12-26 00:00:00.000 UTC,6886,300975933.8232061,107,5576
2025-12-27 00:00:00.000 UTC,6304,301549989.61722434,95,5073
2025-12-28 00:00:00.000 UTC,6356,184326525.86499548,98,5049
2025-12-29 00:00:00.000 UTC,6464,289186340.4755308,90,5082
2025-12-30 00:00:00.000 UTC,6517,273053523.1393007,96,5270
2025-12-31 00:00:00.000 UTC,6073,285616638.49725944,111,4843
