days_since_start,volume_millions,ma7,ci_upper,ci_lower
0,189.6545488112716,242.86320307456322,323.4833008654422,162.24310528368426
1,282.01601122290015,245.87658124408185,316.9337228337821,174.81943965438157
2,267.3955695339629,233.52880074188303,320.44032477876345,146.6172767050026
3,232.3866827301182,216.75010617481848,334.5007392952261,98.99947305441088
4,257.93009392215646,226.5427210530473,345.1409803100596,107.94446179603497
5,171.7898982308889,235.51214306479167,379.3487990643257,91.67548706525761
6,116.07793877243124,244.21903477458412,403.0144583218834,85.42361122728482
7,258.2028529588733,248.43979505735277,407.3340551007765,89.54553501392908
8,344.80196530511085,257.59497491285646,425.76200983614115,89.42793998957174
9,328.3438115025098,257.3882330767666,426.0307934314218,88.74567272211138
10,261.932004709499,264.2528571447244,409.2090941830129,119.29662010643588
11,322.016352910682,249.03363258019584,416.56371175277997,81.50355340761172
12,170.34270537826015,227.50937850124836,375.99347403308116,79.02528296941557
13,164.13030724813544,212.24294257351372,332.7264916914241,91.75939345560334
14,151.6682810071736,207.9170427264922,322.3406329742968,93.49345247868763
15,194.13218675247856,201.19324623588426,287.4005097713441,114.9859827004244
16,221.4787600083672,193.46783801477528,299.17008356531574,87.76559246423484
17,231.6507057803486,191.94513032180222,299.8142543748351,84.07600626876933
18,274.9497774764263,227.50836867274793,408.6348449903943,46.38189235510154
19,116.2648478304972,256.46997109151977,472.56684272213033,40.373099460909174
20,153.471353397324,256.4874199759117,472.5716471662455,40.403192785577886
21,400.6109494637937,257.5823570593224,473.17657604642966,41.98813807221515
22,396.86340368388113,258.2740089600543,474.14759645386425,42.400421466244296
23,221.60090219911092,264.7899913587028,463.4070825644286,66.17290015297706
24,239.3152653642235,268.4425453736358,458.60794275759315,78.27714798967847
25,279.7913407815495,251.16417839588217,405.18029082989244,97.14806596187191
26,161.876724621037,226.76446728141013,315.44527834795224,138.08365621486803
27,179.0392315018549,235.137355143398,331.8945924428052,138.38011784399077
28,279.66238061951844,232.52426864610814,329.72366572435703,135.32487156785922
29,226.06542588257668,220.60746735852408,311.2580242845459,129.95691043250224
30,280.21111723302596,220.64802518826158,311.1809814475949,130.11506892892828
31,221.0236598831946,219.10083274399935,313.1095824008428,125.09208308715591
32,196.3737317684612,208.94943808444515,287.03940964640077,130.85946652248953
33,162.16062942919945,201.75273746126166,281.66935431267336,121.83612060984997
34,168.20888439201923,190.9870430226865,234.94228117767938,147.0318048676936
35,208.60261800263916,182.84466730328919,221.86579326108398,143.8235413454944
36,175.68852152029203,180.3724649928312,217.61753473737758,143.1273952482848
37,204.85125616299982,179.39941557681217,219.04160202811795,139.7572291255064
38,164.02702984741336,182.68430464907448,221.82723001497993,143.54137928316902
39,179.06831559525529,177.18911495422256,209.86228447860708,144.51594542983804
40,155.3492835170663,185.03108509228971,236.1756729033081,133.88649728127132
41,191.20310789785552,201.24919989487336,313.3662891698629,89.13211061988382
42,170.13629013867552,217.29024414903037,336.19215937169287,98.38832892636788
43,230.5823124867623,222.48291689116553,336.86686691262236,108.0989668697087
44,318.37805978108526,222.7550594704014,336.42965177320303,109.08046716759976
45,276.3143396265125,222.03663701274425,336.66202210894323,107.41125191654524
46,215.41702479020125,232.3714779902694,338.21672218820396,126.52623379233484
47,157.25428157171743,244.1406989706452,365.54617015970086,122.73522778158949
48,186.1741506942556,243.49089295217138,363.1497151570936,123.83207074724913
49,242.4801769813515,233.93902387919837,352.0973144056388,115.78073335275793
50,312.9668593493929,229.37376510968653,352.98521184422356,105.7623183751495
51,313.8294176517684,237.45161831516887,346.1368477388529,128.76638889148484
52,209.45125611570143,237.3513879058428,346.24959223840517,128.45318357328048
53,183.4602134036185,244.0908347474536,359.80623702106504,128.37543247384218
54,213.79925401009385,243.5373862199455,357.8028652208904,129.27190721900058
55,185.47253782897317,243.92043643150106,359.25428780574134,128.5865850572608
56,289.65630487262706,256.39935011946335,373.16339277791826,139.63530746100844
57,309.09271965683604,271.6544920817043,371.2437799191308,172.06520424427777
58,316.5107691326575,274.7705498944059,367.3078430728127,182.23325671599912
59,296.80365193143706,270.5848641974016,381.8713804341118,159.2983479606914
60,290.2462071393055,268.45693423443987,378.6507723055249,158.26309616335482
61,235.61165869900503,280.0090432683066,421.21521193396245,138.80287460265075
62,156.17273794994304,281.3993590759862,424.38908602282146,138.4096321291509
63,274.7607951318951,271.97097265206907,418.71793055212055,125.22401475201758
64,389.95748289390303,272.36216173725916,419.3413002604209,125.38302321409739
65,326.2429797864145,268.1088665613286,421.3748794756823,114.84285364697496
66,230.80494696401732,284.5769307507673,403.99132674447037,165.16253475706424
67,292.9845307356361,294.15339500696894,420.18247281900653,168.12431719493136
68,205.8385924674913,288.3081081634322,396.85495660293117,179.76125972393328
69,271.44918727601373,286.9128517360365,393.49769206032215,180.32801141175082
70,341.79604492530683,299.1499924214234,395.23703089011326,203.06295395273355
71,349.04047498914593,316.60915830847773,444.92467014434976,188.2936464726057
72,316.4761847946439,329.97971256175293,419.4022778888111,240.55714723469475
73,316.46493176172584,326.512856259471,427.2029559565227,225.82275656241927
74,415.1986919450167,315.2517381638451,424.823329365606,205.68014696208425
75,299.43247224041784,323.57302394824006,451.58973016254663,195.5563177339335
76,247.1811931600399,321.49278756470005,450.4771979457836,192.50837718361655
77,262.9682182559256,309.7197679435677,454.2700928649472,165.1694430221883
78,407.2894754799106,288.0213550538419,402.2151317108717,173.82757839681207
79,301.91453010986424,263.674590445284,426.43220487054873,100.91697602001932
80,234.05379441379915,248.73409151476153,435.0174618063336,62.450721223189475
81,263.30980171693574,248.46782087873433,434.6651004512605,62.270541306208116
82,129.00511998051275,248.9567814873106,437.0311219781081,60.882440996513054
83,142.5977006463826,253.1494231179534,447.66137900745935,58.637467228447434
84,261.1043238037353,260.4449059954695,455.42543320754555,65.46437878339353
85,410.71219973994437,260.7952892336985,455.8073536808233,65.7832247865737
86,331.263021524364,279.96054964880705,438.9149541286554,121.00614516895874
87,285.12217455641184,299.43809178606045,406.6106500405177,192.2655335316032
88,265.76248438453854,304.64539053835966,406.75238784593074,202.53839323078859
89,263.1619428862727,325.06790330459904,527.6966087382311,122.4391978709669
90,278.9404956071566,335.2748104844827,546.0513434772428,124.49827749172263
91,297.5554150698297,347.30846331752815,554.4582695667392,140.15865706831713
92,553.6697891036201,342.969462315789,558.8141786147087,127.12474601686924
93,402.71137178354957,339.1820235800438,562.0813734474294,116.28267371265812
94,369.3577443877299,331.95135611429987,566.4605064100476,97.44220581855205
95,235.3894773723644,340.0619008156208,573.0057970869876,107.11800454425398
96,236.6498717360565,311.50721414535326,458.18642859563977,164.82799969506672
97,228.32582334694916,295.7596777319824,419.4905312113124,172.02882425265238
98,354.32922797907577,285.05286476554767,391.4887189630744,178.61701056802093
99,353.78698241174726,297.43099515391924,397.12274784263263,197.73924246520585
100,292.4786168899535,328.2324977549442,464.86905910072016,191.5959364091682
101,294.4100536226868,347.495414718174,454.2528359240374,240.7379935123106
102,322.03639009096526,351.1887157574608,460.6884613216822,241.68897019323936
103,452.2603899432316,344.14269779008157,458.86471734076656,229.4206782393966
104,363.166242089558,337.0105461993392,470.54688327474275,203.47420912393565
105,380.18233525408334,323.91551999692376,489.576946115366,158.25409387848154
106,304.4648566400925,317.47844337364376,486.78998141008566,148.16690533720185
107,242.5535557547569,276.54558437002385,432.3325029987075,120.75866574134017
108,202.7448702057791,252.33141665623543,398.05586470257424,106.6069686098966
109,276.97685372800527,240.5969657331866,347.7908456893947,133.40308577697851
110,165.73037691789168,238.31456215966296,339.9214022765602,136.70772204276574
111,193.66706809303923,279.77782061010373,520.8811957459842,38.67444547422326
112,298.0411787927415,295.28041812787416,527.4205190566912,63.14031719905711
113,288.48803162542697,295.0102497360189,527.2500295638797,62.770469908158105
114,532.7963649078421,306.2335491427289,516.7488627909054,95.7182354945524
115,311.26305283017217,313.5795858672205,509.4254254382176,117.73374629622339
116,275.085674985019,318.6422312035223,514.4474620561554,122.83700035088918
117,244.29347276486135,329.7488082194048,526.3571430615642,133.1404733772454
118,245.08932516448039,293.35026369823976,382.9832169266912,203.7173104697883
119,333.47969614685354,280.7076800099818,382.2077136959509,179.20764632401273
120,366.23407073660496,274.83128877274476,382.1951505736564,167.46742697183313
121,278.0065532596869,262.12251030988267,401.22351161409546,123.02150900566988
122,222.7649670123664,248.5168601256594,411.0109888341557,86.0227314171631
123,233.95093632435967,234.3307812928916,379.2865101681798,89.37505241760343
124,155.33202352482678,211.64223716516986,301.2482630913348,122.0362112390049
125,149.84977387491764,204.16348169402156,275.46853193328343,132.85843145475968
126,234.17714431747908,203.11441568595188,273.39304016090335,132.8357912110004
127,207.4142618425525,204.12672985518495,276.55915859499487,131.69430111537505
128,225.65526496164884,198.49234922181384,291.0371069065862,105.9475915370415
129,215.42150495587873,191.8415567297156,304.3310411498651,79.3520723095661
130,241.03713550899104,186.90760607590997,293.84758970733196,79.96762244448796
131,115.89135909122892,185.98959560369892,292.2443709544578,79.73482025294004
132,103.29422643023001,192.59209811159693,314.28795910613246,70.89623711706136
133,199.6394897408397,194.53102671995387,318.2555373430709,70.80651609683684
134,200.9881885370752,196.82446631093825,324.9074902067708,68.74144241510572
135,271.87278251693493,205.94608134939972,315.6061031028901,96.28605959590934
136,228.99400521437715,218.25987668622068,287.3421318749033,149.17762149753804
137,257.0912126458819,238.55970447857234,350.2089642275856,126.91044472955909
138,179.74266436045923,270.8862587488143,443.16526109616433,98.60725640146433
139,189.49079378797688,267.6060225702298,440.6389549334676,94.57309020699205
140,341.73828428730116,292.4403766622819,487.1967587027142,97.68399462184956
141,427.274068428769,290.8167818839978,487.07015939049325,94.56340437750234
142,248.9111292668433,290.71880690442157,487.2212089306115,94.2164048782316
143,402.8344838587419,292.6135639443146,484.9426304834484,100.28449740518082
144,245.72604919789316,282.26249819070847,470.18194409236355,94.34305228905339
145,179.05683950342558,251.10410918029817,395.7410102530595,106.4672081075368
146,202.75409306722784,248.2177084942073,393.82200394421915,102.61341304419545
147,269.2808240120586,220.4186621372662,279.18830769989455,161.64901657463787
148,209.1653453558967,216.76876588981128,271.3960006632514,162.14153111637114
149,228.7063244642073,219.5445755665082,267.01036270527413,172.07878842774224
150,208.2411593601544,216.682229644329,270.57211496959053,162.79234431906747
151,220.1767754657086,210.9410044416979,243.8594940260643,178.02251485733152
152,198.48750724030393,223.8309072021377,296.9501680983825,150.71164630589288
153,182.7176716119733,226.81753889959938,302.4271717615315,151.20790603766727
154,229.09224759364128,226.16106752720216,302.5660212599632,149.75611379444115
155,299.39466467897495,234.17014876131,318.62749503371805,149.71280248890196
156,249.61274634643934,246.5486837719437,331.95513025157715,161.14223729231026
157,203.64585975337377,253.79820737027617,321.32321299059936,186.27320174995302
158,276.2403441044636,260.0763476298689,325.10866382806984,195.04403143166797
159,285.13725231473984,270.70614560332353,375.65405311314305,165.75823809350405
160,233.4643368003004,269.45257977064216,375.7227052807339,163.1824542605504
161,273.0392294107904,275.61940825119024,368.7770956307047,182.4617208716758
162,373.80325049315763,264.11183372882857,374.4538123064006,153.76985515125654
163,240.83778551766946,243.71708876670897,383.420016936421,104.01416059699696
164,246.81365911721034,238.87756592686034,382.3749275153069,95.38020433841379
165,195.68732244793216,242.02879385734803,389.7565344074627,94.30105330723333
166,142.37403757990242,224.6487261311425,321.6911998004413,127.60625246184365
167,199.58767692135996,214.76192420071402,317.77215764605444,111.75169075537357
168,295.0978249242042,196.65519551858077,315.9253274889972,77.38506354816435
169,252.14277640971906,188.7658415501926,315.1286922412314,62.40299085915379
170,171.63017200467002,189.34184842500778,314.7889019500231,63.89479489999246
171,120.06655834227756,174.1159119321094,317.54799949409187,30.683824370126956
172,140.46184466921494,161.15688365438902,266.20621646137266,56.10755084740539
173,146.40608570360874,148.73406025613662,219.8231971531765,77.64492335909674
174,93.00612147107152,147.52716705850494,217.1341967232733,77.9201373937366
175,204.38462698016113,172.16488886111088,295.06321446286717,49.2665632593546
176,165.18301262195223,179.62042668017938,299.95350558198425,59.28734777837448
177,163.1819196212484,174.48314478418524,303.78607625646305,45.180213311907465
178,292.5306109605191,182.51420372261165,294.71172691877126,70.31668052645203
179,192.6506094026945,174.9105183905642,287.3933850875951,62.42765169353329
180,110.44511243164963,178.7667550507799,291.53217029569856,66.00133980586122
181,149.2235340400566,188.1175779032184,305.42509885105125,70.81005695538556
182,151.1588296558287,202.71510003227027,384.7961385021838,20.634061562356777
183,192.1766692434624,230.26718700924766,456.27927113984396,10.0
184,228.6376795883178,235.58934091231774,450.36105238929184,20.817629435343633
185,394.71326586388216,239.69029082322865,448.02739019069696,31.35319145576034
186,385.5152182415363,245.56669553617127,444.738994822427,46.3943962499155
187,147.70018975314028,242.51670946316204,445.9359853794614,39.0974335468627
188,177.93018341643267,238.6541209828059,444.2292753567551,33.07896660885669
189,192.2936626464273,204.64083392927733,365.2379038656386,44.04376399291607
190,170.82676673239777,177.51863834673875,217.51199230818162,137.5252843852959
191,201.59956022582483,182.19335616892866,212.81428386992917,151.57242846792815
192,156.62025648918222,177.96039289699365,217.72514318047308,138.19564261351422
193,195.65984916376635,210.40620895379723,394.957178623883,25.855239283711455
194,180.4232145084694,222.96517419454494,406.934956561902,38.99539182718783
195,148.29944051288788,231.49540976497505,416.3411375047544,46.649682025195716
196,419.4143750440521,241.62844664790396,415.2031890698944,68.05370422591352
197,258.73952341763186,245.81435253036253,415.73954221157476,75.88916284915027
198,261.3112092188356,246.77388457623132,415.1095622535589,78.43820689890376
199,227.55151466968456,247.3806660481426,414.1475575220869,80.61377457419829
200,224.96119034097612,222.15786159764698,299.7717707266546,144.54395246863936
201,187.13993882955126,225.48133588326093,311.5669898141074,139.3956819524145
202,152.5469108162668,225.0759145649782,310.4278383275653,139.72399080239109
203,242.85474389058243,237.08870664916225,344.00977684888215,130.16763644944234
204,282.00384341692984,235.6716033257387,343.56121305696786,127.78199359450949
205,258.47325999085643,243.57746786382063,342.984169926857,144.17076580078427
206,311.6410592589729,245.89132579872734,336.1000790820999,155.6825725153548
207,215.0414670770112,246.74963539793674,336.9386999657935,156.56057083007997
208,242.48099059612483,229.5856427272996,332.6987086009763,126.47257685362287
209,168.7439163606136,219.77045618734945,323.12127873449384,116.41963364020505
210,248.86291108504852,217.09228292462777,310.19860589422035,123.98595995503516
211,161.85589472246969,244.211190603963,411.38473879469205,77.03764241323393
212,189.76695421120547,261.53655797664777,450.61374448338074,72.45937146991477
213,292.89384641992115,288.12344343875014,468.8011372486773,107.44574962882297
214,404.8738208323577,374.24515835598777,823.4523197915341,10.0
215,363.7585622049185,397.69675450424205,812.3405286507939,10.0
216,354.8521145953299,422.0096197330525,799.5149584890394,44.504280977065605
217,851.7149155057119,427.6341784234552,797.5684509766407,57.69990587026962
218,326.0170677602496,411.09504354339634,795.2584756632697,26.93161142352301
219,359.95701081287893,383.7022295740789,807.2383912857308,10.0
220,332.26575725273995,369.35303540403305,803.6692003051476,10.0
221,289.0998766719458,286.1525691288151,408.7936644015403,163.51147385608994
222,172.0088644196963,279.09419585614995,396.81578656231466,161.37260514998528
223,254.40775540500888,264.82708922975166,359.64702402580394,170.00715443369938
224,269.31165157918645,257.3213044750158,334.57750583465776,180.0651031153738
225,276.6084548515934,241.67367520314232,331.64859055085617,151.69875985542848
226,260.08726442809075,245.09446481402054,324.30321174271774,165.88571788532334
227,279.72526396958847,232.68441563066594,329.5322712092976,135.83656005203426
228,179.56647176883195,220.61842846665394,317.22628734468935,124.0105695886185
229,195.95439169584384,209.34911726609988,293.5652206327217,125.13301389947803
230,167.53741112152673,198.92459435715276,271.54367176105836,126.30551695324714
231,184.8497414311024,199.6564548758801,275.9322873501825,123.38062240157765
232,197.7232764477151,216.8296443402414,320.05824420204243,113.60104447844036
233,187.11560406546096,219.71342910755658,321.4000184027561,118.02683981235708
234,284.84828760067955,217.21843172488371,325.2668032024463,109.17006024732115
235,299.77879801936126,221.65212372500255,326.13493187921415,117.16931557079096
236,216.1408850670502,234.5877808662595,347.0235500595445,122.1520116729745
237,150.07242944281663,242.2802863077202,346.96888801625835,137.591684599182
238,215.88558543193398,224.28655357156217,337.4260671004165,111.14704004270783
239,288.272876436514,211.55689937327978,303.99093059498557,119.122868151574
240,240.96314215568574,196.07303565629044,315.88534773686087,76.26072357572002
241,158.8921584475735,197.59627849526194,315.02410867074724,80.16844831977666
242,210.6712186313843,184.33485166971718,312.18024075003893,56.48946258939546
243,107.75383904812506,169.71703225197254,261.7580482633661,77.67601624057897
244,160.73512931561706,161.72889803327254,233.04518417215255,90.41261189439254
245,123.05559765312061,159.06962610224878,232.170920710051,85.96833149444653
246,185.94814051230156,157.67224596510366,226.592204354421,88.75228757578631
247,185.0462026247856,165.81490518004793,219.5685028277567,112.06130753233916
248,140.27725493040714,157.6915389052925,228.64125474784663,86.74182306273838
249,200.8895576713685,164.83146828099058,229.54640309869842,100.11653346328274
250,164.75245355273518,158.28198435379628,222.32748970523141,94.23647900236114
251,103.87156539232902,161.50611836926356,233.30343862368647,89.70879811484066
252,173.03510328300698,174.94477304376895,261.28188671756845,88.60765936996941
253,140.10175302194153,177.8303283061625,269.2036053078298,86.45705130449525
254,207.6151407330566,176.07272782572068,269.01456152393087,83.13089412751049
255,234.3478376519449,176.4564528286325,268.074138367235,84.83876729003002
256,221.0884445081232,189.75025290290543,302.6150203780108,76.88548542780008
257,152.4492501896426,195.89131537663272,300.8656015543043,90.91702919896115
258,106.55764041271149,196.95351717090685,302.60183636118427,91.3051979806294
259,266.0917038029179,202.03858108569466,318.49197530836636,85.58518686302295
260,183.0891903380325,199.33905553385154,314.64905371905206,84.02905734865098
261,215.0505532929753,195.92089218155294,318.5882007586555,73.25358360445037
262,269.9432850554595,197.807272012572,314.5630653422955,81.05147868284853
263,202.1917656452215,186.51701931925922,287.26003219069145,85.77400644782698
264,128.5221067235524,180.97580810649885,286.54620917003655,75.40540704296116
265,119.76229922984528,170.4571255547171,274.8967252730423,66.0175258363919
266,187.05993494972836,161.6085433972251,233.17853751574245,90.03854927870778
267,144.30071184870985,158.9711830653559,224.92494602681717,93.0174201038946
268,141.41977543050274,160.79564196553252,223.57658795613787,98.01469597492718
269,208.00320995301573,162.67004258710932,220.5189767933703,104.82110838084833
270,183.7302433221368,186.90632536186664,343.2423903460045,30.570260377728772
271,141.29331902478893,218.21307319234802,415.29465693997275,21.131489444723286
272,132.88310358088282,238.57697680007564,428.24783996441454,48.90611363573677
273,356.71391437302935,248.27629920940836,437.60861857674763,58.9439798420691
274,363.44794666207974,258.74791149825586,439.6812525206757,77.81457047583606
275,283.9671006845962,255.7373796295117,445.8693868920227,65.60537236700068
276,275.8984668183446,264.4974259104981,433.5149290326565,95.47992278833974
277,257.03152934406944,239.5729669178345,396.63933063005766,82.5066032056113
278,120.21959594357995,216.90223443085435,332.30466420889377,101.49980465281494
279,194.2034275477876,201.7553375611371,303.64619645790594,99.86447866436828
280,182.24270142438408,203.90384372819523,313.14566075610196,94.66202670028851
281,204.75281925321852,193.76373294081472,293.11074835939627,94.41671752223317
282,177.9388225965753,205.84376038034176,282.2012513598282,129.48626940085535
283,290.9380099877517,198.7962156040162,287.68627275030366,109.90615845772872
284,186.05075383240592,207.75432472296396,301.18977817403925,114.31887127188867
285,204.77978802026925,210.40764005381033,304.47205193492755,116.3432281726931
286,144.87061411350868,217.4002357869499,307.5548725178063,127.24559905609354
287,244.94946525701832,196.63606693269244,274.32029323924087,118.951840626144
288,223.326026569143,189.93636432166727,278.6920508889633,101.18067775437126
289,226.88699272855226,176.52974480789803,281.06272235235576,71.99676726344029
290,145.58882800794953,173.0519807675432,283.68345023744916,62.42051129763725
291,139.15283555522967,177.1116441997974,300.8001365133329,53.42315188626192
292,110.9334514238846,167.9381704825898,285.24829533204866,50.62804563313097
293,120.52626583102503,161.80048852371596,269.185436506365,54.415540541066875
294,273.3671092827978,183.357875757845,327.91158907493093,38.804162440759086
295,159.11171054868984,198.04840207176997,342.54131398544416,53.55549015809581
296,183.9232190164352,201.679719323725,337.3159826255046,66.04345602194542
297,296.4905386468528,214.28188527946776,330.47404248504887,98.08972807388666
298,241.98651975270445,208.76614585075936,315.5250779993943,102.00721370212443
299,136.3526721875699,229.77756210770985,347.74973450457986,111.80538971083983
300,208.74142752122418,226.892542213459,350.6951130311805,103.08997139573752
301,234.7569332818391,214.06088262954682,322.4565498602036,105.66521539889006
302,306.1916243473433,206.54525993208676,313.2563819370897,99.83413792708379
303,163.7280797566793,205.50480547242245,315.37297916758985,95.63663177725506
304,206.66892155946755,200.9083577643503,312.73769984747315,89.07901568122746
305,189.37716087048406,207.43823832148024,332.4728465355503,82.40363010741024
306,129.0694909699195,208.0065669180362,335.071207768226,80.94192606784645
307,176.56629356471953,230.27498354342478,373.9480441672292,86.6019229196203
308,280.46609718174847,231.40248438935728,374.36246683553054,88.44250194318403
309,310.1699245232351,248.2736183861753,395.706035056044,100.84120171630656
310,319.60699613439925,258.7891951477935,374.8660410163326,142.71234927925445
311,214.56142748099512,264.8559517181892,364.8171090227228,164.8947944136556
312,307.47509884821,255.31561120515516,360.6953291172885,149.93589329302182
313,202.67852830124704,242.41806526378247,338.52441790266823,146.3117126248967
314,219.03358955748945,244.53551360621444,348.56466661245963,140.50636059996924
315,213.68371359051037,253.31226839501343,355.9543462494973,150.67019054052957
316,219.88710293362615,233.07168812098612,341.3555137352653,124.78786250670696
317,334.42913453142296,234.2867939450122,341.2169228988903,127.35666499113408
318,275.99871100258804,237.67052530975448,343.87459344967436,131.4664571698346
319,165.79103693001866,248.67834580780442,359.00042371281734,138.35626790279147
320,211.18426906942955,256.88309530945133,365.80399800020615,147.96219261869652
321,242.7197091106857,247.91607420271154,336.1941681966987,159.63798020872443
322,290.7384570768598,271.7197199159368,442.0779285261465,101.36151130572713
323,277.32034944515465,283.54053853691977,430.35815268423516,136.72292438960437
324,271.65998678424444,285.0619080951446,428.6965831882877,141.4272330020015
325,442.6242309951649,285.77362707386425,428.51259395424245,143.03466019348602
326,248.53676727689955,304.9695522512535,481.4282202145016,128.51088428800543
327,221.83385597700342,305.4891464308119,481.60315856866475,129.37513429295905
328,247.70174196172312,327.89991789382003,522.1325376929743,133.6672980946657
329,425.1099333185845,301.3401668876319,472.7547944622567,129.92553931300705
330,280.95750870206325,302.1350557644214,472.49858591689997,131.77152561194285
331,428.5353870253013,301.58284166654533,473.1328796195256,130.03280371356502
332,256.70597395184797,294.83583506382513,478.9884900580037,110.68318006964654
333,254.10098941442627,268.6919282679422,416.2151269814304,121.16872955445405
334,217.9683572918708,271.10150993605555,420.04495262913997,122.15806724297116
335,200.47269574268196,245.24691858873786,305.86012039662677,184.63371678084894
336,242.1025857474039,254.32307048672448,336.91501516509913,171.73112580834982
337,297.8245803788567,338.6432496215034,783.44333881427,10.0
338,247.55324759407736,352.2986765178774,785.9926906701011,10.0
339,320.23903723775425,360.59119012900925,783.2662208820258,10.0
340,844.3422433578788,363.08495464326046,782.814375042113,10.0
341,313.5563455664885,348.4246831253933,784.920106335856,10.0
342,258.52029102060516,346.16100173650676,785.1517052482179,10.0
343,259.5589373471624,335.69262956747303,780.7680887286006,10.0
344,195.20267975378692,248.74229817417364,319.1555309031121,178.3290654452352
345,231.7074778718709,231.5262224562237,285.621230167394,177.43121474505344
346,246.96043205451826,232.89643328480298,290.41429275289283,175.37857381671313
347,235.68992360478336,247.27179073488864,358.1818521751889,136.36172929458837
348,193.04381554083884,260.7943966473495,365.2306694979735,156.35812379672555
349,268.11176682066025,264.67985217065933,366.16808080777355,163.19162353354508
350,360.18643949776214,266.9310872141128,367.3232095581182,166.53896487010735
351,289.8609211410129,272.63583090530625,369.36321180266043,175.90845000795207
352,258.9056665350397,269.7159031371789,377.73746552963325,161.69434074472454
353,262.7190773586922,254.18143421488432,389.7594775350374,118.60339089473129
354,275.62312944313754,228.40270629488398,336.8314700430424,119.9739425467256
355,172.6043211639475,211.2929670637439,312.3045579079801,110.28137621950768
356,159.37048436459827,194.91819507148062,297.0221380868339,92.81425205612739
357,179.73534405775976,193.1223367879479,290.18165395357914,96.06301962231665
358,170.09274652303245,190.09166374950163,276.2675169046413,103.91581059436194
359,144.28226258919673,209.3979353856559,329.49455266684527,89.30131810446656
360,250.1480693739629,225.62522729906394,344.9042027337317,106.34625186439612
361,254.40841817401386,230.39714255802645,343.87364352575327,116.92064159029962
362,307.74822261702735,259.9124343644468,402.56125327954646,117.26361544934721
363,272.9615277584546,273.2633263039027,379.5837700054617,166.94288260234373
364,213.1387508704971,265.72258235732085,385.7041675786737,145.74099713596797
365,376.69978916797544,262.23369584372614,385.02108223877053,139.44630944868172
366,237.73850616538746,251.52121205813478,368.96151179104515,134.0809123252244
367,197.36286174788987,242.83922055294997,361.79572709322383,123.88271401267613
368,229.98621257885094,264.29908247900613,408.5957971164303,120.00236784158196
369,232.7608361178879,251.05708327982316,361.4890416595949,140.62512490005145
370,212.1875872221611,254.2449850873418,364.1900626906349,144.29990748404873
371,363.35778435289006,259.1040111723782,360.32319539472667,157.88482695002975
372,284.0057947736946,254.3288320852429,364.35086226486465,144.30680190562117
373,260.05381881801816,245.15091933487196,372.21140254070383,118.09043612904007
374,231.3760443431447,235.46394227505758,382.1950736637474,88.73281088636776
375,196.55995896890374,223.84749970667937,332.6666491792162,115.02835023414252
376,168.51544686529124,212.58550743569373,308.39435394011593,116.77666093127151
377,144.37874780346027,209.88585819561516,300.58667606155086,119.18504032967944
378,282.04268637424286,200.99318752269355,293.94569093981505,108.04068410557203
379,205.17184887679505,201.6448816021634,294.5194826640084,108.77028054031835
380,241.1562741374683,224.6575133313754,351.2784287260427,98.03659793670812
381,169.12734963269347,245.91982342334614,359.45256165234474,132.38708519434755
382,201.12181752519254,235.5117843765589,347.01359922815834,124.00996952495947
383,329.6038689697754,242.46568752956156,351.2859479676114,133.64542709151175
384,293.2149184472555,231.28184880046322,355.122959094306,107.44073850662042
385,209.18641304673207,241.58877755237094,353.1727495818361,130.00480552290574
386,253.84917094781363,249.9118564159223,356.188673443188,143.6350393886566
387,162.86940303378003,226.8197931412605,322.4167557561868,131.22283052633423
388,241.2758508960476,211.06242076249538,291.29802501538506,130.8268165096057
389,259.38336957005185,232.36851836025818,367.5969283741923,97.14010834632401
390,167.95942604714276,230.22438334255364,364.37915875387415,96.06960793123312
391,182.91331179589983,247.79562584188827,373.0611393605926,122.53011232318391
392,358.32909623107156,248.7735383992351,373.91351834266027,123.63355845580989
393,238.84022582388192,248.45399160321904,373.4834695796815,123.42451362675654
394,285.86810052912233,258.8125286415405,363.9018379581596,153.72321932492142
395,248.12123879747529,273.77411027877827,356.74616345784693,190.80205709970957
396,257.1465419979396,299.36855927385614,508.8891904251558,89.84792812255645
397,240.4691853153929,310.70487881609023,513.6928312638721,107.71692636830838
398,287.64438325656437,303.5836585976911,513.7103072592183,93.45700993616393
399,537.4902391966166,301.5409968480718,514.3341384399474,88.7478552561962
400,318.19446261952083,297.7508214627102,514.9500096412052,80.55163328421517
401,236.01955900032814,288.39729086891384,521.4869682384967,55.307613499330984
402,233.82260655014056,271.07671321933185,521.1069448191391,21.0464816195246
403,230.61531430040787,240.89798966128734,363.1183827620627,118.67759656051196
404,174.99447115881858,227.37638682073438,329.7765737681341,124.9761998733347
405,166.40033970949042,231.6658777332937,338.0280790303175,125.30367643626992
406,326.2391742903049,225.36829259260057,336.0826297639119,114.65395542128924
407,223.54324273565038,227.22252266238166,338.74530407181544,115.69974125294792
408,266.04599538824334,220.6526691159877,349.7796090741557,91.52572915781968
409,189.73951056528858,220.11035725107814,350.2848689422199,89.93584555993644
410,243.5949247888756,202.98995825579414,295.4054176364455,110.57449887514274
411,129.00549633406047,204.34285129806148,298.359263361949,110.32643923417398
412,162.60415665512372,206.0053465438527,305.1664298564874,106.84426323121804
413,206.39638132331663,211.35809658726672,310.46894536378295,112.24724781075047
414,233.01349403152182,226.9619911437778,371.459079318201,82.46490296935454
415,277.6834621087822,239.4193706020586,358.2229012629416,120.61583994117561
416,227.20876086918653,261.7546160826345,371.98324678046566,151.5259853848034
417,352.8221866844531,277.73078361884876,383.0226067554854,172.4389604822121
418,216.20715254202617,300.07639663106016,424.80400531461305,175.34878794750728
419,318.95087501915526,297.647436906432,424.93915507363215,170.35571873923186
420,318.22955407681644,309.0562522621349,420.85927935607367,197.25322516819605
421,389.4327851170014,317.3253024439817,449.92492895412636,184.72567593383698
422,260.68074403638514,314.53004469235435,457.1006771370397,171.95941224766898
423,307.0704683591065,304.4212871549702,454.9992886418456,153.84328566809472
424,410.70553795738056,296.5657963776239,449.4083752815798,143.72321747366794
425,196.6403482806351,283.8771313391307,414.75076863289945,153.00349404536195
426,248.1895722574661,279.8629294321678,415.49436635647373,144.23149250786187
427,263.24111863539235,269.28762522784666,406.48894567256264,132.08630478313071
428,300.61212984754934,239.1190421020281,310.22723818377096,168.01084602028521
429,232.58133068764468,237.42678224083278,313.4382479233692,161.41531655829635
430,233.04333892885853,231.9666086471895,309.7656738462246,154.1675434481544
431,199.52545607665056,239.20563100631503,336.62866366282213,141.78259834980793
432,184.79452925226784,235.40621323862965,323.65652819212136,147.15589828513794
433,209.9683571019633,259.27792841690416,409.30405005421375,109.25180677959457
434,313.91427514927096,251.24632829086028,412.89782709854046,89.59482948318012
435,274.0162054737516,251.08747223309848,412.9687042038945,89.20624026230249
436,399.68333693556644,245.38570337888203,419.93640003716166,70.8350067206024
437,176.8221380465514,239.35085996157153,422.0068125299526,56.694907393190476
438,198.41346367231776,216.40144565353506,395.8102387334011,36.99265257366906
439,144.88214727275283,201.0655455612325,375.97102952900303,26.16006159346199
440,167.72445318078954,176.61808622198893,232.64496214158726,120.5912103023906
441,153.26837499301564,181.356207320294,242.60470931426366,120.10770532632435
442,166.6649048276339,178.5564317379308,238.004693031392,119.10817044446961
443,228.55112156086133,173.28160007743728,249.92692731491758,96.63627283995696
444,209.98898573468696,168.40562355429867,250.60498110445508,86.20626600414228
445,178.8150345957755,175.93151181802654,261.1293126899681,90.73371094608497
446,107.95832564929795,186.9513207694694,284.9762532889829,88.92638824995592
447,133.59261751881957,184.59636373744738,278.8294917821381,90.36323569275663
448,205.9495928391105,191.12484841343726,298.4187496647701,83.83094716210448
449,243.80356748773374,205.59495710765705,330.27819725667666,80.91171695863743
450,212.0664223367075,219.38099915589765,312.07041379291474,126.69158451888059
451,255.68837846661603,229.44828097173777,289.2410454224557,169.65551652101982
452,280.105795455314,247.4689890754415,339.7304261665921,155.20755198429092
453,204.46061998698232,257.6829569439679,362.4780534575961,152.88786043033969
454,204.06359022970008,277.5080744077785,393.4598838088656,161.55626500669143
455,332.094549565037,286.35629756663974,403.91298373424144,168.79961139903804
456,315.3013425674181,296.4291235137012,422.85556854871913,170.00267847868326
457,350.84224458338196,307.03955191027904,408.35121094546685,205.72789287509124
458,317.6259405786445,337.6474616480001,422.52568638474867,252.76923691125154
459,350.6155770847444,353.2746619932598,467.26393985092875,239.2853841355909
460,278.73361876302744,366.5717673349685,481.55943951780995,251.58409515212708
461,418.3189583937473,378.48099338320054,502.40431794407516,254.55766882232592
462,441.4849519818551,418.8829512279056,611.7901400699585,225.97576238585273
463,408.381079959379,434.3631686306596,619.2536653271325,249.47267193418668
464,434.2068269210055,438.1287402151097,609.3383951407686,266.9190852894508
465,600.4396454915802,416.23037069367336,630.9315555103817,201.529185876965
466,458.97709890402234,397.3146982927311,624.1104215645673,170.51897502089486
467,305.0926198541787,390.77270570194054,618.6723340590987,162.87307734478236
468,265.0303717436931,378.2121250419144,604.6863663545522,151.73788372927663
469,309.07524517525894,345.47957897219163,467.54305992805934,223.41609801632393
470,362.5871318238447,318.87485779756463,401.7408128732747,236.00890272185455
471,346.2827623008231,314.28892591304975,403.7252530580387,224.85259876806083
472,371.3118230035209,303.59063042974816,429.2901948099194,177.89106604957692
473,272.74405068163304,301.42958669048323,427.2060660803933,175.65310730057314
474,272.9910966625747,302.7423830904568,431.52803010017715,173.95673608073653
475,190.1423033605815,304.4057039130212,435.970551518766,172.84085630727645
476,293.9479390004051,293.5365767638841,411.7214031077352,175.351750420033
477,371.7767066236596,301.01245554538616,419.65993690659445,182.36497418417787
478,357.926008058774,302.217574981431,419.7487717038438,184.68637825901828
479,295.2279329595608,307.3713250630321,404.06837559022784,210.67427453583633
480,325.07520215214754,315.84371728728553,417.1411959737537,214.5462386008173
481,281.42693271488866,307.06156210708076,396.12390820325544,217.99921601090608
482,226.21855393178868,306.27494658208286,393.3960977998051,219.15379536436063
483,353.2546845701795,320.5733554277187,428.6103344800064,212.53637637543105
484,310.30162036222663,313.7042478708404,426.2371269383963,201.17136880328454
485,352.4196993837881,305.57942244575906,435.1538376438887,176.0050072476294
486,395.316794879012,299.2068078609672,448.9227763412648,149.4908393806696
487,276.9914492539991,291.70137232521944,434.15673558041397,149.24600907002494
488,224.5531547393195,294.97473018695683,440.32749275217816,149.62196762173554
489,181.61025183824572,285.4031451729291,422.01374324076596,148.79254710509227
490,300.7166358199451,283.5191615851071,413.5258279608112,153.51249520940297
491,333.21512539438834,304.03221965839174,468.40036704034173,139.66407227644171
492,285.4186042855937,316.5111304008461,465.8902864283199,167.13197437337234
493,382.12890976425825,335.1962351977999,430.6342936943396,239.75817670126028
494,420.58285576699143,350.23242177768367,452.9017852042226,247.5630583511447
495,311.90552993650056,377.0616010295294,537.7007359777126,216.4224660813462
496,312.4059854169222,415.9471420731628,601.7526096894494,230.14167445687627
497,405.9699418791316,420.53572485449047,604.1083165950484,236.96313311393249
498,521.0193801573087,418.86720561450784,602.6416746536161,235.09273657539956
499,557.617391591027,415.6837092589479,608.2917258324558,223.07569268544006
500,414.24898923355164,407.94039371926374,622.1333462705832,193.74744116794432
501,408.90322108711314,400.41774294077356,618.4390054971284,182.3964803844187
502,289.62105544758083,393.82489306368814,597.7243155028343,189.92547062454196
503,258.20277663913345,369.61102227062645,517.2286946019572,221.9933499392958
504,353.3113864296998,380.8066753144384,552.9729547713678,208.64039585750896
505,474.86943101771084,398.3103595266023,603.9518621101877,192.66885694301692
506,388.12029603959536,423.70421118702427,610.4898984926529,236.9185238813957
507,492.6185605402354,421.32671060626905,617.7139386639216,224.93948254861655
508,531.4290105722605,430.8489432052049,618.4677470430863,243.23013936732346
509,467.3780170705347,440.1476502617844,643.1135247499844,237.1817757735844
510,241.5602725738472,462.2585715360793,672.092855959695,252.4242871124635
511,419.96701462225036,486.42416011341567,743.93266262559,228.91565760124138
512,539.9603804137676,486.3641083203916,743.8257564526798,228.90246018810336
513,542.8967449596593,476.9648418068492,742.0343834244762,211.8953001892222
514,661.7776805815903,503.42383885330355,685.787716106834,321.05996159977315
515,531.0086480210917,492.60042479660723,703.5592329428133,281.64161665040115
516,401.5831514757387,469.83316725708784,690.6892672442522,248.97706726992354
517,426.7732518990269,449.34266816322855,665.3248054163603,233.36053091009677
518,344.2031162253764,416.7458033513689,531.4208946238397,302.07071207889817
519,380.5895776371314,387.189264482547,467.0001986832058,307.3783302818882
520,399.46325130264415,358.0924656897377,517.4108802482396,198.77405113123584
521,433.5996268985731,339.4199676022308,491.9415562737015,186.89837893076017
522,324.1128759393388,359.4682636473929,546.3663517618077,172.5701755329781
523,197.9055599260728,397.47151570358443,682.0122541748749,112.93077723229396
524,296.0657652864789,400.9701271181272,686.1981933726805,115.7420608635739
525,484.5411885415112,393.68064487514994,677.6734477439644,109.68784200633547
526,646.6123420304721,422.42181693983076,713.8714734873097,130.9721603923519
527,423.9535312044437,448.8841286852691,673.6463734727838,224.12188389775446
528,382.57325119773185,463.270474330018,653.9977877969105,272.5431608631254
529,525.301080392105,458.938393955249,648.8215079055499,269.0552800049481
530,383.1417421441413,427.31284933481754,526.0505863825736,328.57511228706153
531,396.7701847997213,411.8943920164865,540.759574295393,283.02920973758
532,454.2166259181279,400.8084970375116,551.8871391266517,249.72985494837147
533,425.23352968745183,370.7514459516519,487.275091725377,254.22780017792675
534,316.0243299761265,346.78301940866515,509.1540479501566,184.41199086717367
535,304.9719863449076,340.3515381065504,497.17919178532316,183.52388442777763
536,314.9017227910866,330.9793015530985,462.85489465583987,199.10370845035706
537,215.3627563432344,333.57638201229247,474.17063263043195,192.982131394153
538,351.74981568491785,331.0773646376162,473.65315640960716,188.5015728656252
539,388.61097004396464,344.5277634801049,493.0047472419458,196.05077971826404
540,443.4130929018095,335.1534212502781,499.159570803431,171.14727169712518
541,298.531208353393,327.08510349750355,520.2485162134742,133.92169078153296
542,399.1247782423281,302.9010942752224,521.2885225628532,84.51366598759162
543,249.28132718229932,286.29125409547856,492.0847911071937,80.49771708376343
544,158.88453207381264,279.48732948010957,463.91408749955525,95.06057146066388
545,182.4617511289496,311.22627957664344,569.1416681634416,53.31089098984518
546,272.34208878575765,323.06909635538676,605.2442911222465,40.893901588527
547,395.7856205942265,334.8596997867941,609.7464790297888,59.972920543799376
548,520.7038590291307,329.54093331345615,620.5963693742585,38.48549725265377
549,482.02449569353075,324.2427245938751,628.3038615068929,20.18158768085732
550,331.81555120215137,324.2874059996562,628.3144472789184,20.26036472039408
551,121.65316676044658,322.84204856691593,625.4346833748227,20.249413759009144
552,145.37429009188207,310.38310333361215,581.7491942096653,39.01701245755902
553,272.6548586262253,319.109900978761,617.6297537574268,20.590048200095225
554,385.66811856504484,388.6720264185033,865.2851577958107,10.0
555,433.491242396004,451.90107926217524,880.0726744336439,23.729484090706592
556,543.1120792095728,495.4689964590505,834.0934706596875,156.84452225841352
557,818.7504292803477,561.4173101540337,877.4966771078392,245.3379432002281
558,564.2565366661499,609.2331811683663,902.5954624526709,315.8708998840617
559,450.3497104700089,653.8617120841735,917.1434787473108,390.57994542103614
560,734.2930544911077,672.5103248227134,917.7779766574032,427.2426729880236
561,720.3792156653727,641.2709741018506,854.4585263518336,428.0834218518676
562,745.8909588066546,614.5515100374854,902.8097134777629,326.29330659720785
563,673.652368379352,659.7714531615275,927.2104248803689,392.33248144268595
564,600.0749742343082,685.274878451838,1010.9286552178705,359.6211016858055
565,377.22028821559456,700.0008152361079,1041.3445948573324,358.65703561488345
566,766.8893123383026,711.3283139127664,1064.3517951884444,358.30483263708834
567,912.817031523282,720.2461779191443,1072.0308766814187,368.4614791568698
568,823.4607731552609,754.192328289712,1097.9569375887186,410.4277189907055
569,825.1834495432644,794.7254632851838,954.0679352872056,635.3829912831619
570,736.0774164239976,820.9705800086431,1014.2689896841302,627.6721703331559
571,837.6980268282823,871.0837322221332,1253.385198436859,488.78226600740743
572,660.9522331838967,862.8364497535052,1252.0717046440661,473.60119486294434
573,950.6051294025178,852.5229529427328,1249.8205440848537,455.2253618006117
574,1263.6090970177127,861.0842861412058,1249.5172903213497,472.65128196106184
575,765.7297958748653,878.7997213689563,1273.268969945922,484.33047279199064
576,752.9889718678569,913.9723198444137,1260.6579561339663,567.2866835548612
577,796.0067488133085,877.899052736943,1256.4999855057458,499.29811996814004
578,961.7060734225364,859.583634134341,1157.9721013399114,561.1951669287705
579,907.1604225120985,852.4337373743854,1162.9582190910442,541.9092556577266
580,698.0922596502222,868.2204766477697,1166.641433128022,569.7995201675174
581,1135.401166799498,900.9209206601496,1211.7958015829213,590.0460397373779
582,715.6805185551766,916.8384818219872,1251.6958455254007,581.9811181185738
583,863.4961467815478,1017.2502221667885,1629.254779251618,405.2456650819589
584,1024.909856899967,1067.4800399694157,1614.012005121043,520.9480748177882
585,1073.129001555399,1101.439960028082,1693.3739773586385,509.5059426975255
586,1610.0426049257092,1188.563474076385,1691.7971452061224,685.3298029466479
587,1049.7009842686116,1244.8593624005005,1662.5105790025655,827.2081457984355
588,1373.1206072101634,1308.6906033272696,1706.3727641492087,911.0084425053304
589,1325.5451168932977,1295.0300697592363,1733.223685354726,856.8364541637465
590,1257.5673650503552,1155.0067774735112,1724.1064336157142,585.9071213313081
591,1471.728543387352,1097.2797322331076,1781.3684949973779,413.19096946883724
592,977.5052665791648,1070.3898114517388,1719.1844984775223,421.5951244259552
593,629.8795589256335,1054.31141682166,1679.7014652860503,428.9213683572698
594,645.6116675857864,1005.32652806309,1610.6293652395052,400.0236908866748
595,1184.8911617405815,934.6284738242442,1387.653784852452,481.6031627960365
596,1212.9963544827458,993.6660217266812,1560.8076673256744,426.5243761276879
597,914.6731437403656,1019.8216690763178,1524.55510677715,515.0882313754855
598,976.8421637154319,1050.880564825178,1471.0176140281724,630.7435156221836
599,1390.768101896223,1063.183451591267,1505.1835431810998,621.183360001434
600,812.9690903730897,1048.4050185922272,1474.30579330219,622.5042438822644
601,863.0239378278085,1074.1432408185246,1484.4508731171043,663.835608519945
602,1271.0113691032045,1051.6189623335854,1500.6631295717182,602.5747950954526
603,1109.547323489467,980.8718333272816,1328.9537877845219,632.7898788700413
604,1094.840699324448,929.6045180810163,1448.2559660116294,410.9530701504033
605,819.1722143208576,882.6106530976858,1479.630680827357,285.5906253680147
606,895.538198852096,830.8908031490294,1329.1895312777858,332.5920750202729
607,454.097883649233,758.6228034782736,1214.9495625143752,302.296044442172
608,534.0668829444945,723.5440939995827,1091.790047662294,355.29814033687154
609,908.9724194626097,701.809815326101,1061.917604795456,341.702025856746
610,603.6713257941755,658.9639566112002,982.4458160645977,335.4820971578027
611,849.2897329736127,650.7080389546285,999.4691309569446,301.9469469523123
612,667.0322636064859,622.7248753262601,1037.3924249477036,208.0573257048165
613,595.6171878477901,573.4416087125862,906.3234257715404,240.55979165363203
614,396.3064600532314,593.8865310853423,951.0848945042275,236.68816766645716
615,338.1847375459156,548.8822536626358,829.9950997717802,267.7694075534913
616,563.989553166893,516.5985806388596,786.526131370957,246.67102990676216
617,746.7857824034671,524.2654839710649,806.8819485507277,241.64901939140208
618,534.2597910146675,541.7712184285805,802.6044637267487,280.9379731304123
619,441.04655244005227,550.8887789524946,782.4721439821881,319.30541392280105
620,649.2855111732279,589.1222240432413,901.2602324768916,276.984215609591
621,518.8466012558406,584.5481614643937,887.0848412823689,282.0114816464186
622,402.00766121331424,590.6102076663764,890.2500805205214,290.9703348122314
623,831.6236688021195,602.1063050174215,881.2581866430971,322.95442339174593
624,714.7673443515338,587.3138249068522,865.7994986900355,308.82815112366893
625,576.6941144285462,580.2735156916273,868.7313994013077,291.81563198194686
626,521.5192338973682,575.3662557687195,878.1813297349286,272.5511818025105
627,545.7381503992431,547.3469938745695,767.4555902172299,327.23839753190924
628,469.5644367492663,517.2885768407325,683.5269954003666,351.0501582810984
629,367.6568417529589,507.60036401075735,665.7152923621882,349.4854356593266
630,635.4888355430702,603.4856491770206,1136.5905446104487,70.38075374359255
631,504.35842511467456,647.4834751130859,1207.378388076208,87.58856214996376
632,508.8766246187203,667.679977937071,1208.2735749154247,127.08638095871743
633,1192.7162300612106,665.9574350497235,1210.8920267092326,121.02284339021423
634,853.7229319517008,670.501373015255,1214.8063757439722,126.19637028653767
635,610.9399565171612,691.6626970936173,1217.7759197124512,165.54947447478344
636,355.5990415415267,721.0301849053068,1222.8970887886126,219.163281022001
637,667.2964013017902,637.6334422187286,931.3885122604411,343.87837217701616
638,652.487693663211,605.2473152182185,832.7693322243057,377.7252982121314
639,714.4490393005478,568.5015608851588,862.101775668211,274.9013461021067
640,608.9390312551631,573.5713796300346,851.4508914085711,295.69186785149805
641,627.02004294813,553.960407417233,820.5751599519645,287.3456548825016
642,353.71967618574286,556.2670649233339,826.939711307074,285.5944185395938
643,391.0877727556568,519.7853252496247,759.2141228065116,280.3565276927379
644,530.0195958121797,500.71312905058767,728.454738777081,272.97151932409434
645,668.6342962059167,481.962245514736,682.191279261916,281.7332117675561
646,459.0768615845843,508.2176021700091,676.8816735157304,339.55353082428775
647,475.43365786190304,501.53870720261204,693.0052342949721,310.072180110252
648,495.7638581971687,479.1569996774348,689.9089653648502,268.4050339900193
649,537.5071727726544,453.2740925968098,589.1833470153002,317.36483817831936
650,344.33550798387773,520.1303696060128,897.1530179491959,143.1077212628296
651,373.3476431359388,523.8108080355089,899.3581020780158,148.263513993002
652,487.4539466415419,533.5336721911251,909.2110933436709,157.85625103857927
653,927.0708006490046,494.9584412087929,918.9572427402509,70.95963967733502
654,501.1967268683764,487.4912524768558,924.9340330316452,50.04847192206637
655,563.8239072864815,479.00080427186816,928.4245884712947,29.577020072441655
656,267.4805558963295,466.59464643863123,919.5632993960785,13.625993481183912
657,292.0651868603179,421.0881942210489,691.3401646500689,150.83622379202893
658,313.9145057010254,404.02866875074005,665.968059315433,142.08927818604712
659,400.61084180888355,398.6611132427553,647.0533741912425,150.26885229426807
660,608.525635125928,394.95878572742544,652.681050702806,137.23652075204484
661,381.7800485762145,389.6869319718019,658.0717779310908,121.30208601251314
662,526.2510187305882,427.98943487170203,720.3365014055196,135.64236833788453
663,241.5642632890206,438.3969527026311,731.3566960189498,145.43720938631236
664,255.16221057095282,416.94113068152717,672.8414292076912,161.0408321553631
665,582.0320260003263,415.8852614003517,672.4933786675028,159.27714413320047
666,473.46346662538696,391.5013596701127,631.7383696630274,151.26434967719808
667,458.33488097820054,381.5974686607205,653.0054475689108,110.18948975253016
668,374.38896360798634,364.6082924166245,681.9067809492901,47.309803883958864
669,355.56370661891543,345.3505955455906,615.7564010253844,74.94479006579672
670,172.23702622327517,349.7244651726618,630.1822463852352,69.26668396008836
671,136.23797686228133,340.99947112832643,609.7175646461449,72.28137761050795
672,447.2281479030882,341.0763908001749,609.8376129371009,72.31516866324904
673,504.08055401488537,355.4486058320737,637.6783670094287,73.21884465471868
674,397.2599226678531,372.9495292718424,616.1549470105574,129.74411153312738
675,374.92740131092575,389.15897356441945,567.5431714834739,210.77477564536503
676,456.16921184220735,382.44200479300855,554.3079311310522,210.57607845496491
677,294.74349030165564,369.3047316762491,510.2123542117009,228.39710914079728
678,249.70408691032097,375.03111489925084,523.9327385035357,226.129491294966
679,400.2093665032117,373.325568090593,522.4949437438405,224.15619243734548
680,412.1196421975691,360.35572600142854,491.2900643467001,229.421387656157
681,437.34460522886513,357.3857063684959,495.68888081470055,219.08253192229125
682,362.9885736503208,364.23552600859364,481.6146433307749,246.85640868641235
683,365.38031721805635,363.92600458438164,480.8902093786776,246.96179979008573
684,273.953352871127,345.48834505042214,467.3786258904634,223.59806421038087
685,297.6528243910054,322.6164903866142,423.07791564256837,222.15506513066003
686,398.0427165337277,305.5637053276693,413.9207586671093,197.20665198822934
687,283.05602545985283,288.8398111464699,390.30603138709705,187.37359090584275
688,277.24162258220935,277.2938357914441,401.47484156130645,153.1128300215818
689,243.61907823770665,258.3954790685322,405.2840362757538,111.50692186131062
690,248.31305794966056,240.6107201739462,329.0392854540854,152.18215489380694
691,193.1315253859464,250.5356260287014,369.8864048118401,131.18484724556265
692,165.3643273306222,253.55082726333077,376.8832371780357,130.21841734862585
693,273.5494042716253,283.24283047775435,473.7033859439591,92.78227501154956
694,352.53036644313914,294.05928842360197,483.88745819409326,104.23111865311068
695,298.3480312246152,314.37639984686746,483.94744692863986,144.80535276509505
696,451.4631007386715,322.55779061646666,462.651995817138,182.4635854157953
697,324.028263570594,363.73075774798195,580.814837417711,146.64667807825282
698,335.3513053488046,378.921489210354,606.5302700234787,151.3127083972294
699,222.63406271781665,391.6402954013526,608.365641922421,174.91494888028416
700,561.7601741922327,382.7875249643221,593.3349290686004,172.24012086004373
701,458.86548667974347,396.34911783682037,601.612436588349,191.08579908529163
702,387.37967456160544,382.55989767555303,616.6233475478585,148.49644780324755
703,389.4937076794574,385.304131837792,611.2560347307079,159.35222894487603
704,418.9594136780823,340.2696143441749,525.637347764323,154.90188092402684
705,238.82676421993332,323.31024509351045,478.44499909101495,168.17549109600594
706,241.84370185348976,317.3006373826475,464.224605919294,170.376668846001
707,246.51855173691249,309.9594784724828,445.18256459959105,174.73639234537447
708,340.1499019250926,304.9682496720537,423.6212922611352,186.31520708297214
709,345.3124205855648,312.6309203170486,418.05624532279904,207.20559531129817
710,338.10559530830443,302.678621957751,444.4281729774559,160.92907093804607
711,384.02081207507854,325.2258723702095,474.9371595890453,175.51458515137375
712,292.46545873489777,323.4525757312129,472.65313967465835,174.25201178776746
713,172.17761333840605,330.4380110595113,488.3676358225871,172.50838629643556
714,404.3493046241228,363.26018440786305,600.256803125223,126.26356569050313
715,327.73682545211574,359.0040723370183,595.3565340131885,122.65161066084806
716,394.21046788365413,353.15108201610866,598.6600146698456,107.6421493623717
717,567.860808746766,360.0261824219743,584.509876660755,135.54248818319357
718,354.22802757916537,358.29752859129985,581.4263953050635,135.16866187753624
719,251.49452648853017,361.2219487762285,583.0673029824554,139.37659457000157
720,220.30331617946572,348.0855794037639,571.6283972139865,124.54276159354123
721,392.2487278094018,298.49405937139767,434.17680497742936,162.81131376536598
722,348.20776674661573,290.88661740626065,418.030343104131,163.7428917083903
723,302.25588227640236,298.037397853217,420.5756796034184,175.49911610301558
724,220.72016852020266,292.89785637972125,431.8479450891631,153.94776767027938
725,300.9759338232061,278.17465818916827,387.83134033646775,168.5179760418688
726,301.54998961722436,267.4383376738375,359.00517697143175,175.87149837624327
727,184.3265258649955,265.06130284824565,353.34815428210646,176.77445141438483
728,289.1863404755308,272.4514919029195,359.57835176698694,185.32463203885203
729,273.0535231393007,266.7466035188621,359.2190531767534,174.2741538609708
730,285.61663849725943,258.0457569942716,355.3221158021906,160.7693981863526
