analysis,status
24m_input,completed
24m_conditional_e_tests,completed
30m_input,completed
30m_conditional_e_tests,completed
composition_sensitivity,completed
composition_sensitivity/composition_status/24m/all_projects/02_100_250,completed
composition_sensitivity/composition_status/24m/all_projects/03_250_500,completed
composition_sensitivity/composition_status/24m/all_projects/04_500_1000,completed
composition_sensitivity/composition_status/24m/all_projects/05_1000_2500,completed
composition_sensitivity/composition_status/24m/all_projects/06_2500_5000,completed
composition_sensitivity/composition_status/24m/all_projects/07_5000_10000,completed
composition_sensitivity/composition_status/24m/all_projects/08_10000_25000,completed
composition_sensitivity/composition_status/24m/all_projects/09_25000_50000,completed
composition_sensitivity/composition_status/24m/all_projects/10_50000_100000,completed
composition_sensitivity/composition_status/24m/all_projects/11_100000_plus,completed
composition_sensitivity/composition_status/24m/exclude_primary_dominant_project/02_100_250,completed
composition_sensitivity/composition_status/24m/exclude_primary_dominant_project/03_250_500,completed
composition_sensitivity/composition_status/24m/exclude_primary_dominant_project/04_500_1000,completed
composition_sensitivity/composition_status/24m/exclude_primary_dominant_project/05_1000_2500,completed
composition_sensitivity/composition_status/24m/exclude_primary_dominant_project/06_2500_5000,completed
composition_sensitivity/composition_status/24m/exclude_primary_dominant_project/07_5000_10000,completed
composition_sensitivity/composition_status/24m/exclude_primary_dominant_project/08_10000_25000,completed
composition_sensitivity/composition_status/24m/exclude_primary_dominant_project/09_25000_50000,completed
composition_sensitivity/composition_status/24m/exclude_primary_dominant_project/10_50000_100000,completed
composition_sensitivity/composition_status/24m/exclude_primary_dominant_project/11_100000_plus,completed
composition_sensitivity/composition_status/30m/all_projects/02_100_250,completed
composition_sensitivity/composition_status/30m/all_projects/03_250_500,completed
composition_sensitivity/composition_status/30m/all_projects/04_500_1000,completed
composition_sensitivity/composition_status/30m/all_projects/05_1000_2500,completed
composition_sensitivity/composition_status/30m/all_projects/06_2500_5000,completed
composition_sensitivity/composition_status/30m/all_projects/07_5000_10000,completed
composition_sensitivity/composition_status/30m/all_projects/08_10000_25000,completed
composition_sensitivity/composition_status/30m/all_projects/09_25000_50000,completed
composition_sensitivity/composition_status/30m/all_projects/10_50000_100000,completed
composition_sensitivity/composition_status/30m/all_projects/11_100000_plus,completed
composition_sensitivity/composition_status/30m/exclude_primary_dominant_project/02_100_250,completed
composition_sensitivity/composition_status/30m/exclude_primary_dominant_project/03_250_500,completed
composition_sensitivity/composition_status/30m/exclude_primary_dominant_project/04_500_1000,completed
composition_sensitivity/composition_status/30m/exclude_primary_dominant_project/05_1000_2500,completed
composition_sensitivity/composition_status/30m/exclude_primary_dominant_project/06_2500_5000,completed
composition_sensitivity/composition_status/30m/exclude_primary_dominant_project/07_5000_10000,completed
composition_sensitivity/composition_status/30m/exclude_primary_dominant_project/08_10000_25000,completed
composition_sensitivity/composition_status/30m/exclude_primary_dominant_project/09_25000_50000,completed
composition_sensitivity/composition_status/30m/exclude_primary_dominant_project/10_50000_100000,completed
composition_sensitivity/composition_status/30m/exclude_primary_dominant_project/11_100000_plus,completed
main_matched_results,completed
matched_uncertainty,completed
matched_uncertainty/matched_uncertainty_status/24m/02_100_250,completed
matched_uncertainty/matched_uncertainty_status/24m/02_100_250,completed
matched_uncertainty/matched_uncertainty_status/24m/03_250_500,completed
matched_uncertainty/matched_uncertainty_status/24m/03_250_500,completed
matched_uncertainty/matched_uncertainty_status/24m/04_500_1000,completed
matched_uncertainty/matched_uncertainty_status/24m/04_500_1000,completed
matched_uncertainty/matched_uncertainty_status/24m/05_1000_2500,completed
matched_uncertainty/matched_uncertainty_status/24m/05_1000_2500,completed
matched_uncertainty/matched_uncertainty_status/24m/06_2500_5000,completed
matched_uncertainty/matched_uncertainty_status/24m/06_2500_5000,completed
matched_uncertainty/matched_uncertainty_status/24m/07_5000_10000,completed
matched_uncertainty/matched_uncertainty_status/24m/07_5000_10000,completed
matched_uncertainty/matched_uncertainty_status/24m/08_10000_25000,completed
matched_uncertainty/matched_uncertainty_status/24m/08_10000_25000,completed
matched_uncertainty/matched_uncertainty_status/24m/09_25000_50000,completed
matched_uncertainty/matched_uncertainty_status/24m/09_25000_50000,completed
matched_uncertainty/matched_uncertainty_status/24m/10_50000_100000,completed
matched_uncertainty/matched_uncertainty_status/24m/10_50000_100000,completed
matched_uncertainty/matched_uncertainty_status/24m/11_100000_plus,completed
matched_uncertainty/matched_uncertainty_status/24m/11_100000_plus,completed
matched_uncertainty/matched_uncertainty_status/30m/02_100_250,completed
matched_uncertainty/matched_uncertainty_status/30m/02_100_250,completed
matched_uncertainty/matched_uncertainty_status/30m/03_250_500,completed
matched_uncertainty/matched_uncertainty_status/30m/03_250_500,completed
matched_uncertainty/matched_uncertainty_status/30m/04_500_1000,completed
matched_uncertainty/matched_uncertainty_status/30m/04_500_1000,completed
matched_uncertainty/matched_uncertainty_status/30m/05_1000_2500,completed
matched_uncertainty/matched_uncertainty_status/30m/05_1000_2500,completed
matched_uncertainty/matched_uncertainty_status/30m/06_2500_5000,completed
matched_uncertainty/matched_uncertainty_status/30m/06_2500_5000,completed
matched_uncertainty/matched_uncertainty_status/30m/07_5000_10000,completed
matched_uncertainty/matched_uncertainty_status/30m/07_5000_10000,completed
matched_uncertainty/matched_uncertainty_status/30m/08_10000_25000,completed
matched_uncertainty/matched_uncertainty_status/30m/08_10000_25000,completed
matched_uncertainty/matched_uncertainty_status/30m/09_25000_50000,completed
matched_uncertainty/matched_uncertainty_status/30m/09_25000_50000,completed
matched_uncertainty/matched_uncertainty_status/30m/10_50000_100000,completed
matched_uncertainty/matched_uncertainty_status/30m/10_50000_100000,completed
matched_uncertainty/matched_uncertainty_status/30m/11_100000_plus,completed
matched_uncertainty/matched_uncertainty_status/30m/11_100000_plus,completed
consistency_checks,completed
common_support_checks,completed
common_support_checks/support_comparison_status/24m/all_projects/02_100_250/common_bins,completed
common_support_checks/support_comparison_status/24m/all_projects/03_250_500/common_bins,completed
common_support_checks/support_comparison_status/24m/all_projects/04_500_1000/common_bins,completed
common_support_checks/support_comparison_status/24m/all_projects/05_1000_2500/common_bins,completed
common_support_checks/support_comparison_status/24m/all_projects/06_2500_5000/common_bins,completed
common_support_checks/support_comparison_status/24m/all_projects/07_5000_10000/common_bins,completed
common_support_checks/support_comparison_status/24m/all_projects/08_10000_25000/common_bins,completed
common_support_checks/support_comparison_status/24m/all_projects/09_25000_50000/common_bins,completed
common_support_checks/support_comparison_status/24m/all_projects/10_50000_100000/common_bins,completed
common_support_checks/support_comparison_status/24m/all_projects/11_100000_plus/common_bins,completed
common_support_checks/support_comparison_status/24m/exclude_primary_dominant_project/02_100_250/common_bins,completed
common_support_checks/support_comparison_status/24m/exclude_primary_dominant_project/03_250_500/common_bins,completed
common_support_checks/support_comparison_status/24m/exclude_primary_dominant_project/04_500_1000/common_bins,completed
common_support_checks/support_comparison_status/24m/exclude_primary_dominant_project/05_1000_2500/common_bins,completed
common_support_checks/support_comparison_status/24m/exclude_primary_dominant_project/06_2500_5000/common_bins,completed
common_support_checks/support_comparison_status/24m/exclude_primary_dominant_project/07_5000_10000/common_bins,completed
common_support_checks/support_comparison_status/24m/exclude_primary_dominant_project/08_10000_25000/common_bins,completed
common_support_checks/support_comparison_status/24m/exclude_primary_dominant_project/09_25000_50000/common_bins,completed
common_support_checks/support_comparison_status/24m/exclude_primary_dominant_project/10_50000_100000/common_bins,completed
common_support_checks/support_comparison_status/24m/exclude_primary_dominant_project/11_100000_plus/common_bins,completed
common_support_checks/support_comparison_status/30m/all_projects/02_100_250/common_bins,completed
common_support_checks/support_comparison_status/30m/all_projects/03_250_500/common_bins,completed
common_support_checks/support_comparison_status/30m/all_projects/04_500_1000/common_bins,completed
common_support_checks/support_comparison_status/30m/all_projects/05_1000_2500/common_bins,completed
common_support_checks/support_comparison_status/30m/all_projects/06_2500_5000/common_bins,completed
common_support_checks/support_comparison_status/30m/all_projects/07_5000_10000/common_bins,completed
common_support_checks/support_comparison_status/30m/all_projects/08_10000_25000/common_bins,completed
common_support_checks/support_comparison_status/30m/all_projects/09_25000_50000/common_bins,completed
common_support_checks/support_comparison_status/30m/all_projects/10_50000_100000/common_bins,completed
common_support_checks/support_comparison_status/30m/all_projects/11_100000_plus/common_bins,completed
common_support_checks/support_comparison_status/30m/exclude_primary_dominant_project/02_100_250/common_bins,completed
common_support_checks/support_comparison_status/30m/exclude_primary_dominant_project/03_250_500/common_bins,completed
common_support_checks/support_comparison_status/30m/exclude_primary_dominant_project/04_500_1000/common_bins,completed
common_support_checks/support_comparison_status/30m/exclude_primary_dominant_project/05_1000_2500/common_bins,completed
common_support_checks/support_comparison_status/30m/exclude_primary_dominant_project/06_2500_5000/common_bins,completed
common_support_checks/support_comparison_status/30m/exclude_primary_dominant_project/07_5000_10000/common_bins,completed
common_support_checks/support_comparison_status/30m/exclude_primary_dominant_project/08_10000_25000/common_bins,completed
common_support_checks/support_comparison_status/30m/exclude_primary_dominant_project/09_25000_50000/common_bins,completed
common_support_checks/support_comparison_status/30m/exclude_primary_dominant_project/10_50000_100000/common_bins,completed
common_support_checks/support_comparison_status/30m/exclude_primary_dominant_project/11_100000_plus/common_bins,completed
common_support_checks/support_status/24m/common_bins,completed
common_support_checks/support_status/30m/common_bins,completed
24m_measurement_quality,completed
24m_measurement_quality/measurement_check_status/24m,completed
30m_measurement_quality,completed
30m_measurement_quality/measurement_check_status/30m,completed
victim_tier_context,completed
