date,sandwich_trade_count,priced_trade_count,total_sandwich_volume_usd,unique_sandwich_bots,unique_transactions
2024-01-01,12727,12724,1.896545488112715e+08,262,8324
2024-01-02,12987,12978,2.820160112229002e+08,250,8432
2024-01-03,12435,12435,2.6739556953396374e+08,242,8068
2024-01-04,12986,12984,2.3238668273011762e+08,269,8323
2024-01-05,9721,9717,2.579300939221567e+08,249,6795
2024-01-06,9270,9221,1.7178989823088872e+08,228,6380
2024-01-07,7362,7337,1.1607793877243105e+08,179,5266
2024-01-08,9361,9359,2.5820285295887345e+08,189,6370
2024-01-09,11847,11841,3.4480196530511177e+08,218,7797
2024-01-10,9156,9138,3.2834381150250936e+08,201,6467
2024-01-11,9295,9247,2.619320047094981e+08,219,6368
2024-01-12,8952,8914,3.220163529106823e+08,213,6143
2024-01-13,13426,13412,1.7034270537825897e+08,181,8380
2024-01-14,12910,12910,1.641303072481353e+08,171,7849
2024-01-15,11712,11702,1.516682810071732e+08,168,7567
2024-01-16,20695,20683,1.9413218675247997e+08,175,10971
2024-01-17,20865,20859,2.214787600083662e+08,176,10476
2024-01-18,14562,14555,2.3165070578034854e+08,177,8837
2024-01-19,15064,15060,2.7494977747642493e+08,171,8931
2024-01-20,16780,16748,1.1626484783049679e+08,212,9484
2024-01-21,16514,16494,1.5347135339732414e+08,210,9322
2024-01-22,14724,14710,4.0061094946379095e+08,230,8600
2024-01-23,15130,15116,3.96863403683882e+08,227,9089
2024-01-24,17219,17185,2.216009021991106e+08,247,10205
2024-01-25,15300,15291,2.3931526536422405e+08,225,9024
2024-01-26,16895,16879,2.797913407815499e+08,185,9849
2024-01-27,12903,12884,1.618767246210369e+08,178,7909
2024-01-28,13863,13847,1.7903923150185457e+08,197,8110
2024-01-29,14122,14104,2.7966238061951786e+08,203,8371
2024-01-30,14968,14968,2.260654258825775e+08,207,9150
2024-01-31,15098,15076,2.802111172330258e+08,243,9145
2024-02-01,12042,12036,2.2102365988319334e+08,167,7420
2024-02-02,13654,13652,1.9637373176846105e+08,180,8266
2024-02-03,15767,15760,1.6216062942920014e+08,189,9456
2024-02-04,13359,13355,1.6820888439201987e+08,203,7816
2024-02-05,10283,10280,2.0860261800263977e+08,197,6699
2024-02-06,11254,11252,1.756885215202927e+08,169,7234
2024-02-07,10316,10316,2.048512561629994e+08,149,6904
2024-02-08,12668,12666,1.6402702984741345e+08,139,8089
2024-02-09,8921,8914,1.7906831559525546e+08,123,6155
2024-02-10,10787,10787,1.5534928351706547e+08,171,7201
2024-02-11,12232,12215,1.9120310789785442e+08,177,7967
2024-02-12,9845,9809,1.7013629013867518e+08,184,6663
2024-02-13,11707,11699,2.3058231248676166e+08,222,7326
2024-02-14,14047,14012,3.183780597810874e+08,216,8636
2024-02-15,11204,11199,2.7631433962651277e+08,227,7311
2024-02-16,12530,12510,2.1541702479020047e+08,173,7692
2024-02-17,12525,12512,1.5725428157171708e+08,198,7652
2024-02-18,15399,15392,1.8617415069425488e+08,200,9015
2024-02-19,12022,12008,2.4248017698135167e+08,214,7490
2024-02-20,10037,10033,3.129668593493928e+08,207,6644
2024-02-21,8083,8005,3.138294176517669e+08,150,5651
2024-02-22,8754,8748,2.0945125611570078e+08,140,5810
2024-02-23,8886,8878,1.834602134036188e+08,184,5983
2024-02-24,10643,10634,2.1379925401009402e+08,160,6861
2024-02-25,10026,10024,1.854725378289731e+08,176,6504
2024-02-26,8991,8987,2.896563048726269e+08,160,6029
2024-02-27,8449,8445,3.090927196568356e+08,153,5675
2024-02-28,7022,7020,3.165107691326571e+08,151,4914
2024-02-29,6760,6758,2.9680365193143696e+08,135,4796
2024-03-01,8472,8470,2.9024620713930595e+08,137,5653
2024-03-02,10815,10815,2.3561165869900477e+08,173,6785
2024-03-03,10331,10331,1.5617273794994417e+08,155,6528
2024-03-04,10345,10343,2.747607951318956e+08,175,6671
2024-03-05,9621,9621,3.899574828939023e+08,180,6273
2024-03-06,9297,9297,3.2624297978641224e+08,172,6195
2024-03-07,9576,9576,2.308049469640174e+08,190,6361
2024-03-08,10929,10927,2.9298453073563457e+08,171,6911
2024-03-09,10528,10528,2.0583859246749008e+08,208,6647
2024-03-10,13564,13564,2.7144918727601355e+08,278,7993
2024-03-11,10893,10893,3.4179604492530775e+08,258,6929
2024-03-12,10087,10087,3.490404749891479e+08,272,6319
2024-03-13,10065,10065,3.164761847946449e+08,236,6360
2024-03-14,9583,9583,3.1646493176172614e+08,228,6124
2024-03-15,9824,9820,4.151986919450167e+08,277,6420
2024-03-16,11783,11777,2.9943247224041706e+08,267,7410
2024-03-17,13827,13825,2.47181193160041e+08,259,8270
2024-03-18,10789,10789,2.6296821825592387e+08,255,7093
2024-03-19,9655,9651,4.072894754799106e+08,252,6391
2024-03-20,9375,9375,3.01914530109863e+08,248,6173
2024-03-21,9415,9413,2.340537944137991e+08,232,6151
2024-03-22,10800,10800,2.6330980171693578e+08,244,6990
2024-03-23,9469,9469,1.2900511998051304e+08,235,6227
2024-03-24,10863,10863,1.4259770064638284e+08,246,6940
2024-03-25,11542,11536,2.61104323803735e+08,325,7236
2024-03-26,11171,11171,4.107121997399457e+08,255,7052
2024-03-27,10759,10757,3.312630215243645e+08,261,6588
2024-03-28,12890,12886,2.8512217455641156e+08,264,7749
2024-03-29,12967,12961,2.6576248438453752e+08,297,7699
2024-03-30,11975,11971,2.6316194288627353e+08,309,7334
2024-03-31,12594,12594,2.789404956071565e+08,285,7678
2024-04-01,15460,15458,2.9755541506982946e+08,292,8707
2024-04-02,14107,14105,5.536697891036206e+08,291,8115
2024-04-03,15137,15137,4.02711371783551e+08,289,8859
2024-04-04,15041,15039,3.693577443877335e+08,259,8771
2024-04-05,14832,14832,2.3538947737236422e+08,299,8655
2024-04-06,18270,18268,2.3664987173605567e+08,280,9892
2024-04-07,18689,18687,2.2832582334694883e+08,286,9927
2024-04-08,14235,14235,3.543292279790752e+08,273,8271
2024-04-09,10955,10955,3.537869824117471e+08,235,7003
2024-04-10,12700,12697,2.924786168899529e+08,273,7700
2024-04-11,13136,13128,2.944100536226852e+08,249,7849
2024-04-12,11955,11955,3.220363900909655e+08,285,7461
2024-04-13,11801,11801,4.522603899432306e+08,305,7474
2024-04-14,13601,13597,3.631662420895561e+08,325,8453
2024-04-15,13302,13296,3.80182335254084e+08,289,8190
2024-04-16,12696,12686,3.044648566400922e+08,333,8078
2024-04-17,11861,11859,2.4255355575475696e+08,245,7485
2024-04-18,12943,12943,2.0274487020577893e+08,281,7982
2024-04-19,12087,12087,2.7697685372800636e+08,303,7690
2024-04-20,12946,12921,1.6573037691789234e+08,240,8095
2024-04-21,16699,16697,1.9366706809303835e+08,377,9216
2024-04-22,20061,20058,2.980411787927437e+08,275,10719
2024-04-23,16852,16850,2.8848803162542665e+08,279,9502
2024-04-24,22357,22354,5.327963649078435e+08,316,12012
2024-04-25,19242,19229,3.112630528301699e+08,290,10797
2024-04-26,16158,16134,2.750856749850192e+08,292,9534
2024-04-27,16198,16193,2.4429347276486123e+08,294,9432
2024-04-28,17570,17562,2.4508932516447937e+08,257,10184
2024-04-29,13455,13451,3.3347969614685416e+08,250,8403
2024-04-30,11381,11377,3.6623407073660505e+08,274,7373
2024-05-01,13203,13194,2.780065532596886e+08,262,8102
2024-05-02,13272,13267,2.2276496701236647e+08,271,8388
2024-05-03,16830,16826,2.3395093632435697e+08,270,9772
2024-05-04,14647,14634,1.553320235248263e+08,266,8824
2024-05-05,16141,16131,1.4984977387491783e+08,241,9606
2024-05-06,17157,17149,2.3417714431747872e+08,304,9944
2024-05-07,14326,14315,2.074142618425525e+08,247,8959
2024-05-08,13689,13683,2.2565526496164912e+08,283,8617
2024-05-09,15473,15467,2.1542150495587847e+08,285,9320
2024-05-10,13197,13187,2.4103713550899085e+08,253,8400
2024-05-11,13888,13886,1.1589135909122871e+08,233,8780
2024-05-12,18408,18388,1.0329422643022913e+08,272,10453
2024-05-13,20063,20061,1.996394897408409e+08,315,10876
2024-05-14,19350,19343,2.009881885370737e+08,292,10646
2024-05-15,18439,18429,2.718727825169345e+08,314,10522
2024-05-16,15905,15905,2.289940052143767e+08,302,9804
2024-05-17,16848,16848,2.5709121264588296e+08,287,10075
2024-05-18,19340,19336,1.7974265311403754e+08,258,10796
2024-05-19,22140,22127,1.8949079378797752e+08,340,11853
2024-05-20,20416,20414,3.4173828428729993e+08,279,11128
2024-05-21,14961,14961,4.2727406842876655e+08,330,9030
2024-05-22,18863,18861,2.4891112926684496e+08,276,10512
2024-05-23,18075,18073,4.028344838587429e+08,289,10128
2024-05-24,19732,19716,2.45726049197893e+08,276,10973
2024-05-25,20032,20015,1.7905683950342506e+08,287,10941
2024-05-26,24269,24261,2.0275409306722867e+08,306,12257
2024-05-27,20305,20295,2.692805010806793e+08,264,10708
2024-05-28,16689,16685,2.0916534535589752e+08,258,9615
2024-05-29,18719,18711,2.2870632446420696e+08,257,10367
2024-05-30,16964,16959,2.0824115936015388e+08,241,9517
2024-05-31,20639,20630,2.2017677546570918e+08,260,10992
2024-06-01,26175,26175,1.9848750724030504e+08,257,12704
2024-06-02,26833,26827,1.8271767161197388e+08,254,12808
2024-06-03,20987,20981,2.2909224759364146e+08,292,10977
2024-06-04,21079,21079,2.993946646789779e+08,244,10933
2024-06-05,20442,20442,2.496127463464395e+08,229,10988
2024-06-06,18869,18869,2.0364585975337392e+08,174,10435
2024-06-07,17774,17774,2.762403441044641e+08,243,10011
2024-06-08,19754,19754,2.8513725231474185e+08,225,10997
2024-06-09,22191,22181,2.3346433680029857e+08,239,11731
2024-06-10,20577,20575,2.7303922941079026e+08,272,11077
2024-06-11,19360,19360,3.7380325049315417e+08,219,10592
2024-06-12,15300,15300,2.4083778551767007e+08,201,9068
2024-06-13,13536,13536,2.4681365911721063e+08,205,8561
2024-06-14,16895,16895,1.9568732244793123e+08,273,9968
2024-06-15,18719,18717,1.4237403757990265e+08,217,10686
2024-06-16,22947,22947,1.9958767692135936e+08,265,12190
2024-06-17,21018,21018,2.950978249242015e+08,281,11294
2024-06-18,17081,17079,2.521427764097204e+08,263,9791
2024-06-19,15141,15141,1.716301720046706e+08,220,9162
2024-06-20,15075,15069,1.2006655834227858e+08,171,9243
2024-06-21,14252,14252,1.404618446692144e+08,197,9105
2024-06-22,16432,16426,1.464060857036079e+08,169,9833
2024-06-23,20057,20051,9.30061214710711e+07,189,11279
2024-06-24,16040,16040,2.0438462698016143e+08,195,9623
2024-06-25,16253,16253,1.6518301262195268e+08,175,9554
2024-06-26,13181,13181,1.631819196212482e+08,176,8264
2024-06-27,12619,12607,2.9253061096051794e+08,178,8249
2024-06-28,14478,14466,1.926506094026947e+08,187,8981
2024-06-29,17353,17349,1.1044511243164925e+08,210,10300
2024-06-30,19949,19949,1.4922353404005614e+08,185,11084
2024-07-01,18551,18549,1.5115882965582985e+08,174,10378
2024-07-02,21437,21435,1.9217666924346355e+08,197,11347
2024-07-03,19254,19254,2.286376795883174e+08,226,10260
2024-07-04,17281,17281,3.94713265863885e+08,216,9891
2024-07-05,13417,13415,3.8551521824153936e+08,214,8276
2024-07-06,20771,20769,1.477001897531399e+08,203,11667
2024-07-07,20248,20246,1.7793018341643348e+08,204,11371
2024-07-08,18826,18826,1.9229366264642683e+08,209,10724
2024-07-09,20988,20986,1.7082676673239717e+08,285,11421
2024-07-10,19743,19741,2.0159956022582427e+08,233,10900
2024-07-11,15301,15297,1.5662025648918185e+08,260,9281
2024-07-12,19443,19433,1.956598491637645e+08,204,10924
2024-07-13,21621,21619,1.804232145084693e+08,224,11623
2024-07-14,24930,24930,1.4829944051288795e+08,196,12389
2024-07-15,17010,17008,4.1941437504405284e+08,169,9797
2024-07-16,17426,17424,2.587395234176328e+08,182,9947
2024-07-17,20559,20559,2.6131119895839614e+08,134,11012
2024-07-18,18747,18747,2.2755151466968423e+08,121,10375
2024-07-19,17693,17691,2.249611903409766e+08,299,10094
2024-07-20,17123,17123,1.8713993882955194e+08,211,10351
2024-07-21,16640,16640,1.5254691081626615e+08,186,10032
2024-07-22,18603,18603,2.4285474389058357e+08,201,10598
2024-07-23,16342,16342,2.8200384341693085e+08,214,9884
2024-07-24,17906,17906,2.584732599908567e+08,192,10304
2024-07-25,16712,16712,3.116410592589731e+08,198,10142
2024-07-26,19083,19079,2.150414670770121e+08,264,11088
2024-07-27,19407,19407,2.4248099059612432e+08,188,11236
2024-07-28,22006,22002,1.6874391636061376e+08,189,12355
2024-07-29,16260,16258,2.488629413948538e+08,200,10343
2024-07-30,14470,14468,1.6185589472246912e+08,193,9169
2024-07-31,14621,14621,1.8976695421120578e+08,164,9262
2024-08-01,17400,17400,2.928938464199216e+08,165,10249
2024-08-02,17018,17018,4.04873820832357e+08,215,10334
2024-08-03,16945,16943,3.637585622049176e+08,242,10564
2024-08-04,16270,16268,3.548521145953287e+08,247,10199
2024-08-05,10497,10497,8.517149155057139e+08,260,7123
2024-08-06,16454,16454,3.2601706776025045e+08,231,10203
2024-08-07,16771,16767,3.599570108128804e+08,233,10775
2024-08-08,17508,17508,3.3226575725273883e+08,206,10846
2024-08-09,20344,20342,2.8909987667194486e+08,338,12085
2024-08-10,18617,18615,1.7200886441969633e+08,211,11773
2024-08-11,16685,16681,2.5440804990459353e+08,226,10516
2024-08-12,16219,16216,2.6931165157918656e+08,216,10532
2024-08-13,16432,16432,2.766084548515938e+08,211,10319
2024-08-14,15608,15608,2.6008726442809215e+08,178,10064
2024-08-15,13590,13590,2.797364059024866e+08,198,9090
2024-08-16,12012,12004,1.7956647176883104e+08,186,8479
2024-08-17,15608,15604,1.9595439169584394e+08,352,9922
2024-08-18,16538,16536,1.675374111215266e+08,218,10503
2024-08-19,14813,14811,1.8484974143110228e+08,235,9637
2024-08-20,13657,13657,1.9772298504710504e+08,214,9158
2024-08-21,11285,11285,1.871156040654612e+08,196,8248
2024-08-22,13229,13223,2.848482876006787e+08,204,9198
2024-08-23,11443,11443,2.997787980193612e+08,208,8243
2024-08-24,11960,11960,2.1614088506704998e+08,198,8552
2024-08-25,12410,12408,1.5007242944281614e+08,174,8977
2024-08-26,10280,10280,2.1588558543193364e+08,177,7621
2024-08-27,9857,9857,2.8827287643651456e+08,199,7315
2024-08-28,8632,8630,2.4096314215568584e+08,170,6563
2024-08-29,9186,9184,1.5889215844757366e+08,183,6983
2024-08-30,10225,10217,2.1067121863138536e+08,198,7562
2024-08-31,9172,9170,1.0775383904812564e+08,194,6986
2024-09-01,8669,8665,1.6073513043292457e+08,177,6811
2024-09-02,7732,7732,1.2305559765312043e+08,174,5941
2024-09-03,10776,10776,1.8594814051230085e+08,234,7574
2024-09-04,9968,9964,1.8504620262478578e+08,178,7113
2024-09-05,9691,9691,1.4027725493040752e+08,172,6963
2024-09-06,10387,10385,2.0088955767136744e+08,221,7379
2024-09-07,18799,18797,1.6475245355273443e+08,214,11399
2024-09-08,15407,15400,1.0387156539233e+08,218,10070
2024-09-09,15771,15771,1.7303510328300676e+08,227,10069
2024-09-10,15044,15044,1.401017530219424e+08,204,9458
2024-09-11,14233,14229,2.076151407330573e+08,210,9116
2024-09-12,14460,14460,2.343478376519441e+08,360,9100
2024-09-13,14828,14825,2.2108844450812304e+08,203,9618
2024-09-14,16725,16717,1.5244925018964285e+08,210,10416
2024-09-15,15016,15016,1.065576404127118e+08,198,9796
2024-09-16,16103,16101,2.6609170380291724e+08,233,10481
2024-09-17,15567,15565,1.8308919033803207e+08,226,9811
2024-09-18,17254,17254,2.1505055329297465e+08,356,10087
2024-09-19,16981,16979,2.699432850554589e+08,228,10172
2024-09-20,17285,17282,2.0219176564522085e+08,271,10108
2024-09-21,19195,19195,1.2852210672355188e+08,178,10744
2024-09-22,20427,20422,1.1976229922984526e+08,220,10886
2024-09-23,14513,14509,1.870599349497277e+08,205,8762
2024-09-24,14396,14392,1.443007118487102e+08,193,8590
2024-09-25,12983,12983,1.4141977543050256e+08,169,8142
2024-09-26,12657,12657,2.0800319786735815e+08,151,7978
2024-09-27,11552,11546,1.8373024332213616e+08,193,7665
2024-09-28,12496,12496,1.4129331902478886e+08,223,8195
2024-09-29,15974,15970,1.3288310358088318e+08,212,9549
2024-09-30,12496,12489,3.56713914373029e+08,224,8062
2024-10-01,9551,9551,3.6344796868890035e+08,202,6704
2024-10-02,11576,11576,2.839670915535587e+08,199,8028
2024-10-03,10956,10956,2.758984668183435e+08,217,7575
2024-10-04,12937,12937,2.570315293440692e+08,216,8612
2024-10-05,16272,16263,1.2021959594357964e+08,266,9956
2024-10-06,17895,17885,1.942034275477879e+08,228,10593
2024-10-07,13600,13598,1.8224270142438403e+08,195,8524
2024-10-08,16118,16118,2.047528192532187e+08,237,9486
2024-10-09,15064,15062,1.7793882259657592e+08,210,9071
2024-10-10,16881,16879,2.909380099877502e+08,223,9876
2024-10-11,15067,15067,1.860507538324064e+08,180,8870
2024-10-12,16899,16897,2.0477978802026844e+08,229,9953
2024-10-13,16761,16755,1.4487061411350957e+08,232,9914
2024-10-14,11582,11582,2.4494956077058876e+08,252,7585
2024-10-15,10485,10485,2.233260265691434e+08,230,7063
2024-10-16,12511,12509,2.2688712371250603e+08,257,7895
2024-10-17,9670,9670,1.4558882800794953e+08,191,6587
2024-10-18,9617,9617,1.391528355552299e+08,207,6524
2024-10-19,10898,10886,1.1093345142388484e+08,196,7309
2024-10-20,11151,11147,1.2052626583102565e+08,186,7443
2024-10-21,12112,12108,2.733671092827976e+08,255,7851
2024-10-22,11470,11470,1.5911171054868945e+08,178,7624
2024-10-23,11270,11270,1.8392329106859106e+08,188,7460
2024-10-24,12463,12463,2.9649051980751413e+08,212,8045
2024-10-25,12152,12148,2.4198651975270346e+08,250,8141
2024-10-26,12771,12761,1.3635267218757015e+08,206,8383
2024-10-27,10865,10863,2.087414275212231e+08,183,7478
2024-10-28,9181,9176,2.3475693328183934e+08,195,6484
2024-10-29,9570,9559,3.0619162434734255e+08,185,6616
2024-10-30,10199,10180,1.6372807975667924e+08,211,7176
2024-10-31,8349,8335,2.0666892155946818e+08,257,6028
2024-11-01,8924,8920,1.8937716087048382e+08,191,6360
2024-11-02,13117,13103,1.2906949096991979e+08,208,8610
2024-11-03,14399,14392,1.7656629356472197e+08,242,9068
2024-11-04,10541,10537,2.8046609718174964e+08,230,7319
2024-11-05,10863,10859,3.101699245232356e+08,235,7422
2024-11-06,9366,9360,3.196069961343975e+08,211,6489
2024-11-07,7765,7759,2.145614274809954e+08,188,5578
2024-11-08,9640,9618,3.074750988482108e+08,194,6643
2024-11-09,10681,10675,2.0267852830124694e+08,197,7147
2024-11-10,9344,9336,2.1903358955749032e+08,206,6493
2024-11-11,7918,7909,2.1368371359051177e+08,201,5609
2024-11-12,7399,7399,2.1988710293362588e+08,213,5218
2024-11-13,8284,8280,3.3442913453142303e+08,170,5921
2024-11-14,7954,7946,2.7599871100258815e+08,179,5609
2024-11-15,7843,7839,1.657910369300193e+08,165,5693
2024-11-16,9286,9286,2.1118426906942987e+08,181,6489
2024-11-17,8768,8761,2.4271970911068624e+08,207,6191
2024-11-18,8395,8393,2.907384670609247e+08,205,6069
2024-11-19,8995,8989,2.77320349445156e+08,211,6335
2024-11-20,9449,9445,2.716599867842454e+08,193,6472
2024-11-21,8881,8875,4.4262423099516565e+08,200,6258
2024-11-22,8029,8019,2.485367672769003e+08,166,5807
2024-11-23,7369,7347,2.218338559770034e+08,320,5244
2024-11-24,8005,7998,2.4770174196172366e+08,197,5904
2024-11-25,7528,7524,4.251099333185837e+08,196,5623
2024-11-26,7519,7505,2.809575087020638e+08,183,5656
2024-11-27,8555,8551,4.285353870252998e+08,205,6203
2024-11-28,6885,6879,2.56705973951848e+08,242,5076
2024-11-29,6540,6534,2.5410098941442606e+08,191,4812
2024-11-30,6194,6190,2.179683572918707e+08,175,4711
2024-12-01,5647,5643,2.00472695742682e+08,221,4300
2024-12-02,5332,5325,2.421025857474042e+08,160,4160
2024-12-03,5088,5082,2.9782458037885636e+08,141,3848
2024-12-04,4806,4804,2.4755324759407666e+08,150,3689
2024-12-05,4561,4557,3.202391287392873e+08,147,3596
2024-12-06,4777,4775,8.443422433578793e+08,141,3817
2024-12-07,4656,4652,3.1355634556648827e+08,142,3642
2024-12-08,5341,5339,2.585202910206056e+08,143,4213
2024-12-09,3928,3928,2.5955893734716243e+08,122,3154
2024-12-10,3940,3934,1.9520267975378585e+08,118,3222
2024-12-11,4353,4347,2.3170747787187144e+08,116,3502
2024-12-12,3746,3744,2.4696043205451798e+08,111,3095
2024-12-13,4422,4420,2.3568992360478342e+08,119,3504
2024-12-14,4504,4502,1.9304381554083824e+08,138,3624
2024-12-15,5264,5264,2.6811176682066032e+08,141,4125
2024-12-16,4955,4933,3.601864394977604e+08,176,3953
2024-12-17,4672,4661,2.8986092114101225e+08,147,3740
2024-12-18,4676,4672,2.5890566653503987e+08,131,3742
2024-12-19,4640,4635,2.6271907735869148e+08,153,3637
2024-12-20,5125,5125,2.7562312944313717e+08,151,4016
2024-12-21,6400,6396,1.7260432116394842e+08,154,4900
2024-12-22,7197,7183,1.5937048436459816e+08,177,5379
2024-12-23,6266,6260,1.7973534405776024e+08,148,4764
2024-12-24,6988,6980,1.7009274652303225e+08,154,5272
2024-12-25,6046,6042,1.4434411822878504e+08,138,4741
2024-12-26,7206,7200,2.50161379436889e+08,172,5428
2024-12-27,7479,7473,2.5440841817401308e+08,158,5706
2024-12-28,8730,8726,3.077482226170268e+08,156,6373
2024-12-29,7552,7546,2.729615277584554e+08,179,5688
2024-12-30,6549,6546,2.1313895654357982e+08,164,5073
2024-12-31,8668,8664,3.7671025958112293e+08,213,6470
2025-01-01,10125,10125,2.3773851299130884e+08,145,7118
2025-01-02,5311,5305,1.9736286174788958e+08,117,4019
2025-01-03,8133,8127,2.299862125788509e+08,157,5933
2025-01-04,9878,9869,2.3276083611788765e+08,165,6957
2025-01-05,8041,8001,2.1218758722216114e+08,145,5866
2025-01-06,8162,8073,3.633577843528889e+08,132,5934
2025-01-07,7745,7724,2.840057947736943e+08,226,5595
2025-01-08,7139,7137,2.60053818818018e+08,155,5280
2025-01-09,5747,5747,2.313760443431446e+08,149,4526
2025-01-10,5833,5782,1.965599589689044e+08,158,4668
2025-01-11,6350,6324,1.6857106646236047e+08,155,4971
2025-01-12,6549,6534,1.4437874780346048e+08,172,5097
2025-01-13,6415,6399,2.820426863742421e+08,196,4970
2025-01-14,6501,6469,2.0517184887679505e+08,166,5081
2025-01-15,6170,6156,2.4115627413746846e+08,167,4756
2025-01-16,6222,6216,1.6912734963269338e+08,171,4770
2025-01-17,6019,6016,2.0112181752519336e+08,145,4727
2025-01-18,6596,6591,3.2960386896977574e+08,175,5031
2025-01-19,4827,4827,2.9321491844725585e+08,129,3932
2025-01-20,4332,4325,2.0918641304673266e+08,103,3531
2025-01-21,4642,4637,2.538491709478138e+08,136,3723
2025-01-22,5353,5353,1.628694030337801e+08,138,4279
2025-01-23,5320,5313,2.4127585089604715e+08,150,4211
2025-01-24,5211,5203,2.5938336957005173e+08,148,4142
2025-01-25,4967,4959,1.6795942604714242e+08,145,3973
2025-01-26,6258,6256,1.8291331179589963e+08,164,4886
2025-01-27,5841,5841,3.5833595352262616e+08,180,4684
2025-01-28,5535,5532,2.388402258238825e+08,170,4410
2025-01-29,5875,5868,2.8586810052912176e+08,186,4704
2025-01-30,6152,6147,2.4813627413279018e+08,191,4923
2025-01-31,5961,5949,2.5714654199794006e+08,177,4857
2025-02-01,6084,6075,2.4046918531539235e+08,212,4765
2025-02-02,6279,6277,2.876443832565648e+08,192,4779
2025-02-03,5514,5514,5.374902391966168e+08,169,4266
2025-02-04,7734,7719,3.1827983074364823e+08,237,5831
2025-02-05,7793,7788,2.3601819773340774e+08,225,6009
2025-02-06,7066,7064,2.338226065501403e+08,201,5504
2025-02-07,8609,8609,2.3061531430040765e+08,238,6404
2025-02-08,7290,7286,1.7499447115881848e+08,229,5643
2025-02-09,7972,7970,1.6640033970949018e+08,195,6171
2025-02-10,8879,8876,3.2623917429030305e+08,225,6627
2025-02-11,9616,9614,2.235432427356505e+08,223,6888
2025-02-12,6999,6990,2.6604599538824368e+08,206,5396
2025-02-13,6875,6871,1.897728993423568e+08,196,5298
2025-02-14,5920,5915,2.4363611154614046e+08,198,4781
2025-02-15,5351,5349,1.2900549633406004e+08,172,4278
2025-02-16,5852,5850,1.6264414024356052e+08,168,4600
2025-02-17,7612,7605,2.0639638132331762e+08,177,5912
2025-02-18,8114,8110,2.3219316426601064e+08,199,6047
2025-02-19,6770,6770,2.777307897015559e+08,231,5286
2025-02-20,6404,6404,2.272087608691863e+08,184,5040
2025-02-21,5815,5815,3.536646519571484e+08,163,4682
2025-02-22,6251,6247,2.1624648986600968e+08,190,4883
2025-02-23,6261,6261,3.190493100960279e+08,223,4940
2025-02-24,6287,6285,3.1843811244548917e+08,211,4897
2025-02-25,6621,6621,3.895828886137683e+08,179,5213
2025-02-26,6024,6020,2.6075771804734182e+08,185,4662
2025-02-27,6221,6219,3.075899334593402e+08,182,4911
2025-02-28,7372,7370,4.108581180713051e+08,218,5608
2025-03-01,5882,5880,1.973807709557979e+08,219,4664
2025-03-02,5876,5870,2.4898164727030715e+08,222,4599
2025-03-03,5809,5806,2.6333879063169622e+08,167,4718
2025-03-04,6391,6389,3.0072596554256254e+08,189,5089
2025-03-05,5857,5855,2.3264975493061954e+08,171,4656
2025-03-06,5368,5366,2.330706397749652e+08,163,4223
2025-03-07,5653,5649,2.002052548037376e+08,152,4557
2025-03-08,5786,5779,1.8479452925226787e+08,179,4659
2025-03-09,6120,6111,2.100616891278886e+08,211,4896
2025-03-10,5669,5666,3.140734741030003e+08,172,4591
2025-03-11,6938,6936,2.741119481018355e+08,190,5405
2025-03-12,5812,5808,3.996833369355688e+08,203,4675
2025-03-13,5846,5835,1.7682734675596866e+08,163,4713
2025-03-14,5582,5557,1.9841346367231748e+08,163,4429
2025-03-15,5523,5511,1.448836892954962e+08,148,4435
2025-03-16,6394,6382,1.677320880401449e+08,160,5046
2025-03-17,6487,6478,1.5326837499301553e+08,163,5108
2025-03-18,5471,5461,1.6666490482763386e+08,169,4396
2025-03-19,6726,6726,2.2860107628485957e+08,185,5194
2025-03-20,6517,6511,2.0998898573468718e+08,152,5063
2025-03-21,5682,5672,1.7881503459577534e+08,155,4391
2025-03-22,5466,5464,1.0795832564929803e+08,169,4277
2025-03-23,5388,5382,1.3359261751881963e+08,126,4270
2025-03-24,5796,5785,2.0594959283911005e+08,126,4672
2025-03-25,5620,5609,2.4380356748773423e+08,134,4538
2025-03-26,5545,5541,2.121048009769094e+08,134,4505
2025-03-27,5929,5919,2.556883784666169e+08,141,4774
2025-03-28,6850,6844,2.801057994561349e+08,147,5334
2025-03-29,5721,5710,2.0447964962201318e+08,130,4359
2025-03-30,6507,6507,2.040635902297003e+08,130,4975
2025-03-31,6803,6803,3.3209454956503785e+08,144,5433
2025-04-01,7372,7372,3.153377083380823e+08,131,5896
2025-04-02,6537,6537,3.508422445833826e+08,118,5393
2025-04-03,6366,6363,3.1610014438416123e+08,128,5106
2025-04-04,6701,6688,3.506183850321437e+08,111,5345
2025-04-05,6836,6830,2.7874240587503076e+08,125,5319
2025-04-06,6861,6857,4.183189583937484e+08,119,5411
2025-04-07,7151,7147,4.414849490425287e+08,126,5572
2025-04-08,7026,7024,4.083810799593791e+08,142,5579
2025-04-09,6690,6686,4.3420682692100435e+08,140,5376
2025-04-10,7132,7132,6.00501817966352e+08,131,5579
2025-04-11,7659,7651,4.58977079991231e+08,130,5969
2025-04-12,6716,6716,3.0509261985417986e+08,130,5317
2025-04-13,6723,6723,2.6503037174369317e+08,114,5137
2025-04-14,6323,6313,3.090752451752585e+08,131,4786
2025-04-15,7142,7136,3.6258713182384497e+08,137,5396
2025-04-16,6201,6197,3.4628276230082446e+08,141,4874
2025-04-17,5978,5978,3.7131181982132155e+08,108,4747
2025-04-18,6260,6258,2.7274796648323977e+08,122,4934
2025-04-19,5504,5498,2.7305023550449264e+08,108,4351
2025-04-20,6488,6486,1.9014230336058125e+08,107,5028
2025-04-21,5769,5761,2.939638574776032e+08,120,4517
2025-04-22,5146,5144,3.718060765831133e+08,120,4126
2025-04-23,6040,6034,3.579260080587744e+08,138,4732
2025-04-24,6198,6196,2.9524239971343875e+08,116,4731
2025-04-25,7444,7434,3.250752021521472e+08,140,5569
2025-04-26,5978,5974,2.8207976415759146e+08,124,4720
2025-04-27,6309,6301,2.2630287863329387e+08,134,4938
2025-04-28,5919,5917,3.5326749024720997e+08,109,4620
2025-04-29,5551,5548,3.10310637034704e+08,132,4336
2025-04-30,5440,5436,3.525834907104531e+08,118,4286
2025-05-01,6549,6545,3.953189024231838e+08,133,4925
2025-05-02,5428,5420,2.771160564240737e+08,124,4264
2025-05-03,5242,5239,2.2455412047962695e+08,112,4233
2025-05-04,5194,5184,1.816398026712863e+08,113,4187
2025-05-05,6072,6069,3.0071628294713604e+08,175,4683
2025-05-06,5105,5090,3.3328325606570095e+08,112,4092
2025-05-07,4465,4451,2.8566061888392e+08,105,3704
2025-05-08,4833,4833,3.8221050825443894e+08,110,3790
2025-05-09,6281,6276,4.2172281794939286e+08,125,4934
2025-05-10,12362,12356,3.120592117879837e+08,114,8335
2025-05-11,12660,12653,3.125411925105203e+08,105,8445
2025-05-12,9179,9176,4.060836561737437e+08,104,6701
2025-05-13,9393,9387,5.212877255277126e+08,122,6816
2025-05-14,7956,7942,5.576397180085132e+08,143,6181
2025-05-15,7179,7165,4.142489892335523e+08,117,5545
2025-05-16,8650,8638,4.089980744907023e+08,112,6593
2025-05-17,7502,7482,2.896525679871592e+08,107,5966
2025-05-18,7764,7754,2.5808751228193507e+08,117,6177
2025-05-19,7759,7745,3.533577982077457e+08,123,6180
2025-05-20,7681,7679,4.749754922395125e+08,82,6117
2025-05-21,7077,7072,3.8884973264009774e+08,111,5625
2025-05-22,8757,8754,4.92618560540236e+08,124,6732
2025-05-23,9109,9108,5.3140844157416314e+08,119,6922
2025-05-24,9519,9518,4.6740339217421e+08,130,7198
2025-05-25,11862,11858,2.4156027257384828e+08,131,8594
2025-05-26,10360,10355,4.205583216711678e+08,125,7742
2025-05-27,8513,8512,5.399603804137685e+08,120,6528
2025-05-28,9117,9110,5.428017332351725e+08,115,6945
2025-05-29,9266,9258,6.627361941695232e+08,105,7013
2025-05-30,9865,9858,5.310086480210913e+08,117,7305
2025-05-31,9335,9326,4.0158322354197526e+08,115,7010
2025-06-01,11094,11091,4.2689552714122576e+08,112,8189
2025-06-02,10966,10960,3.4420311622537434e+08,105,7988
2025-06-03,9016,9013,3.805895776371308e+08,90,6736
2025-06-04,9636,9636,3.9946325130264354e+08,111,7236
2025-06-05,9647,9643,4.3359962689857423e+08,123,7226
2025-06-06,9133,9131,3.240982373502321e+08,121,6932
2025-06-07,8491,8489,1.9790555992607257e+08,127,6442
2025-06-08,11721,11721,2.983635464368545e+08,135,8447
2025-06-09,8859,8848,4.845411885415095e+08,120,6567
2025-06-10,8396,8388,6.497057682236475e+08,117,6402
2025-06-11,8841,8835,4.2407488852431005e+08,125,6715
2025-06-12,8187,8178,3.825732511977327e+08,113,6355
2025-06-13,8451,8447,5.2530128929592174e+08,121,6500
2025-06-14,8201,8184,3.83141753701667e+08,118,6244
2025-06-15,8230,8222,3.967705734378929e+08,129,6345
2025-06-16,8035,8023,4.5421678241065603e+08,123,6118
2025-06-17,8401,8397,4.2523352968745404e+08,129,6372
2025-06-18,8525,8518,3.160314396819137e+08,152,6509
2025-06-19,9436,9425,3.051056809631569e+08,134,7156
2025-06-20,9059,9056,3.1170907272567916e+08,138,6685
2025-06-21,8374,8368,2.1536474309285623e+08,150,6232
2025-06-22,8098,8097,3.518955683911316e+08,125,6084
2025-06-23,8009,8008,3.952671020668154e+08,129,5985
2025-06-24,5766,5764,4.4870521697566664e+08,89,4566
2025-06-25,4758,4758,3.3026871209912807e+08,70,3871
2025-06-26,5824,5817,4.1398079937385494e+08,119,4680
2025-06-27,7071,7068,2.5427117626063043e+08,100,5475
2025-06-28,6733,6733,1.7036861897877643e+08,115,5231
2025-06-29,6837,6837,1.8246175112894967e+08,107,5256
2025-06-30,6248,6246,3.055269966426262e+08,90,4966
2025-07-01,7910,7906,4.233645824147309e+08,111,5986
2025-07-02,8600,8597,5.495393448246678e+08,131,6234
2025-07-03,6900,6892,5.205289384718378e+08,130,5316
2025-07-04,7620,7608,3.3839129033909065e+08,115,5801
2025-07-05,9874,9858,1.3083332339082597e+08,132,7567
2025-07-06,8539,8531,1.4541396296703985e+08,125,6344
2025-07-07,10031,10027,2.8243422966070974e+08,109,7442
2025-07-08,10239,10237,3.9011370590639824e+08,116,7274
2025-07-09,8015,7995,4.334865312043588e+08,108,6036
2025-07-10,8142,8126,5.48778791911401e+08,104,6047
2025-07-11,6887,6887,8.187504292803477e+08,111,5304
2025-07-12,8425,8424,5.643164148202326e+08,130,6266
2025-07-13,10479,10475,4.5034971047001034e+08,133,7452
2025-07-14,8197,8197,7.401701056314409e+08,123,6175
2025-07-15,7106,7102,7.203863597518406e+08,107,5444
2025-07-16,6412,6411,7.463354190342131e+08,119,5054
2025-07-17,5327,5324,6.750091944121794e+08,114,4263
2025-07-18,5125,5123,6.000749742343078e+08,109,4158
2025-07-19,6055,6051,3.772391458119076e+08,127,4878
2025-07-20,7269,7269,7.668893302167448e+08,131,5684
2025-07-21,7619,7619,9.128618518124845e+08,130,5843
2025-07-22,7389,7384,8.234572944693115e+08,151,5687
2025-07-23,7374,7372,8.251834678817524e+08,135,5624
2025-07-24,6889,6889,7.363247978750027e+08,125,5270
2025-07-25,6624,6618,8.205646057453893e+08,144,5286
2025-07-26,7974,7962,6.616677408520955e+08,137,6297
2025-07-27,6974,6973,9.506051294025139e+08,130,5439
2025-07-28,8437,8437,1.2553348492140896e+09,140,6315
2025-07-29,5935,5935,7.586496446219662e+08,106,4700
2025-07-30,4370,4370,7.532292428123242e+08,88,3587
2025-07-31,4249,4249,7.960067637709699e+08,93,3494
2025-08-01,6279,6277,9.536290476067655e+08,140,4870
2025-08-02,6985,6977,9.018228452021091e+08,138,5272
2025-08-03,6766,6764,6.980992189896425e+08,109,5174
2025-08-04,6261,6259,1.1266274591760519e+09,131,4869
2025-08-05,6366,6366,7.117073519062825e+08,120,5007
2025-08-06,6634,6634,8.623479267939126e+08,106,5155
2025-08-07,6767,6749,1.0250744600531778e+09,156,5159
2025-08-08,7060,7054,1.0672403549807215e+09,153,5358
2025-08-09,8565,8563,1.6088230491366222e+09,133,6323
2025-08-10,7628,7624,1.0497009842686112e+09,129,5886
2025-08-11,8653,8653,1.373120607210165e+09,144,6365
2025-08-12,7533,7531,1.3255836732431884e+09,135,5666
2025-08-13,8010,8008,1.2574956808088887e+09,129,5919
2025-08-14,7361,7357,1.470704626948955e+09,108,5569
2025-08-15,7417,7411,9.775052665791669e+08,118,5742
2025-08-16,7565,7561,6.295077134609326e+08,137,5637
2025-08-17,7888,7879,6.365137202325128e+08,126,6018
2025-08-18,7517,7512,1.1812909952569852e+09,119,5789
2025-08-19,7418,7418,1.2051864808482904e+09,128,5679
2025-08-20,7395,7392,9.148527028704067e+08,111,5710
2025-08-21,7530,7519,9.768421637154274e+08,109,5727
2025-08-22,8248,8247,1.390768235120859e+09,182,6181
2025-08-23,6901,6898,8.129840993681197e+08,116,5347
2025-08-24,6179,6169,8.538797626863493e+08,122,4979
2025-08-25,6305,6298,1.2710123148935122e+09,133,4919
2025-08-26,6107,6107,1.1095800327037568e+09,122,4727
2025-08-27,6890,6889,1.094871514634882e+09,99,5334
2025-08-28,7477,7474,8.191722143208586e+08,129,5623
2025-08-29,7359,7354,8.955381988520954e+08,129,5723
2025-08-30,6383,6383,4.498545015968124e+08,93,5022
2025-08-31,6117,6117,5.3406688294449514e+08,89,4828
2025-09-01,5036,5020,9.055776842123519e+08,108,4140
2025-09-02,5413,5410,6.03762286070527e+08,117,4359
2025-09-03,4698,4696,8.492897329736127e+08,106,3886
2025-09-04,5511,5511,6.670861747286363e+08,100,4431
2025-09-05,5319,5252,5.956367141521195e+08,99,4238
2025-09-06,5384,5384,4.019176806654366e+08,82,4315
2025-09-07,5545,5543,3.381847375459161e+08,87,4638
2025-09-08,6065,6065,5.736246692822464e+08,99,5150
2025-09-09,6364,6356,7.370865788093259e+08,104,5077
2025-09-10,6185,6177,5.3426112476403254e+08,118,4918
2025-09-11,5472,5469,4.410757811883789e+08,125,4529
2025-09-12,6148,6148,6.492780859186354e+08,111,4875
2025-09-13,5776,5774,5.2332698112326366e+08,116,4611
2025-09-14,5961,5955,3.9940242887536e+08,109,4803
2025-09-15,5686,5672,8.281232738074185e+08,105,4698
2025-09-16,4539,4532,7.147673443515333e+08,93,3765
2025-09-17,4872,4868,5.76764779079504e+08,98,4024
2025-09-18,4059,4059,5.215216799306665e+08,106,3339
2025-09-19,4038,4038,5.47426410941741e+08,91,3345
2025-09-20,3482,3479,4.699177173887297e+08,89,2924
2025-09-21,4925,4915,3.719794526345569e+08,112,3982
2025-09-22,5363,5363,6.35534164333616e+08,120,4324
2025-09-23,4988,4984,5.043809936854178e+08,90,4038
2025-09-24,5061,5054,5.0539078139320683e+08,106,4045
2025-09-25,5262,5262,1.1982391718546665e+09,103,4169
2025-09-26,5252,5245,8.569583834851091e+08,117,4184
2025-09-27,5856,5850,6.112132637914995e+08,97,4601
2025-09-28,5455,5454,3.555990415415274e+08,91,4256
2025-09-29,5352,5351,6.676077440130264e+08,91,4151
2025-09-30,5785,5782,6.526938388358988e+08,118,4514
2025-10-01,5200,5195,7.144490393005457e+08,96,4239
2025-10-02,4866,4861,6.089390312551607e+08,106,4023
2025-10-03,5194,5188,6.295839505457366e+08,113,4235
2025-10-04,6000,5993,3.5371967618574315e+08,116,4838
2025-10-05,5616,5609,3.910877727556577e+08,104,4556
2025-10-06,4951,4930,5.300195958121798e+08,102,4062
2025-10-07,5410,5396,6.663092057237223e+08,106,4410
2025-10-08,5576,5570,4.582585426766574e+08,107,4449
2025-10-09,5933,5920,4.754429358750328e+08,100,4660
2025-10-10,5075,5068,4.9539633203329283e+08,110,4149
2025-10-11,6674,6664,5.37584463484211e+08,127,5041
2025-10-12,5432,5422,3.443977878367835e+08,124,4260
2025-10-13,4796,4794,3.7341223941289693e+08,97,3941
2025-10-14,4977,4971,4.874539466415439e+08,108,4027
2025-10-15,4776,4773,9.264484633336841e+08,104,3904
2025-10-16,4521,4519,5.0119671473748505e+08,119,3709
2025-10-17,4702,4697,5.638236280915117e+08,98,3882
2025-10-18,3997,3993,2.67480555896329e+08,77,3353
2025-10-19,3716,3706,2.920651868603172e+08,90,3167
2025-10-20,5723,5718,3.1391450570102584e+08,99,4664
2025-10-21,5189,5189,4.006108418088824e+08,80,4321
2025-10-22,5258,5254,6.085252264086254e+08,126,4236
2025-10-23,4063,4058,3.7867814831333905e+08,93,3491
2025-10-24,4514,4507,5.263343122739578e+08,93,3777
2025-10-25,4900,4895,2.415642837745762e+08,86,3963
2025-10-26,5059,5059,2.5649198519071233e+08,112,4027
2025-10-27,5291,5286,5.805862257627156e+08,117,4203
2025-10-28,4660,4657,4.7346346662538755e+08,96,3859
2025-10-29,4031,4029,4.5833488097820055e+08,85,3320
2025-10-30,4057,4053,3.743889636079848e+08,93,3346
2025-10-31,4241,4239,3.555637066189149e+08,88,3573
2025-11-01,4512,4510,1.7223702622327498e+08,87,3744
2025-11-02,4787,4785,1.362379768622813e+08,79,3945
2025-11-03,5148,5145,4.472281479030887e+08,89,4184
2025-11-04,4615,4615,5.040805540148875e+08,94,3721
2025-11-05,4367,4365,3.9731142486942637e+08,91,3614
2025-11-06,3691,3689,3.750118313337947e+08,60,3141
2025-11-07,4001,4001,4.5716537968113256e+08,81,3299
2025-11-08,3831,3829,2.9474349030165577e+08,97,3240
2025-11-09,4268,4264,2.4970408691032067e+08,101,3542
2025-11-10,4069,4069,4.002611946521112e+08,77,3420
2025-11-11,4168,4168,4.1212156490916234e+08,75,3426
2025-11-12,4264,4259,4.373525620147045e+08,109,3470
2025-11-13,4626,4619,3.629887845629966e+08,110,3768
2025-11-14,4488,4486,3.653803172180568e+08,86,3683
2025-11-15,4263,4263,2.739533528711268e+08,94,3586
2025-11-16,4792,4792,2.977891111955639e+08,94,3995
2025-11-17,5273,5270,3.9806912741643095e+08,98,4390
2025-11-18,4558,4557,2.8307352480760705e+08,95,3767
2025-11-19,5609,5604,2.7743300047132784e+08,96,4469
2025-11-20,5497,5489,2.4361999447411138e+08,94,4446
2025-11-21,4182,4180,2.4831305794966042e+08,84,3539
2025-11-22,4075,4070,1.9313152538594636e+08,72,3405
2025-11-23,3685,3674,1.6536613313946915e+08,77,3169
2025-11-24,4203,4193,2.735503835547582e+08,92,3515
2025-11-25,4584,4578,3.5256239181413734e+08,90,3841
2025-11-26,4650,4641,2.9834803122461575e+08,87,3840
2025-11-27,4299,4291,4.514635569308436e+08,85,3601
2025-11-28,4835,4822,3.2403418028576213e+08,93,3862
2025-11-29,4364,4362,3.353512275541965e+08,74,3640
2025-11-30,4248,4238,2.226359987153337e+08,78,3511
2025-12-01,6025,6022,5.61768726862022e+08,95,4825
2025-12-02,5065,5065,4.5886900534059274e+08,87,4206
2025-12-03,4991,4989,3.873860301786238e+08,90,4221
2025-12-04,4976,4974,3.9027312087820876e+08,70,4040
2025-12-05,5217,5207,4.189660251296803e+08,85,4352
2025-12-06,4055,4049,2.3883409263097665e+08,84,3533
2025-12-07,2782,2782,2.4184370185348994e+08,63,2524
2025-12-08,2934,2928,2.4651862530697742e+08,69,2543
2025-12-09,4597,4583,3.40149901925094e+08,99,3766
2025-12-10,4538,4526,3.4531242058556294e+08,105,3710
2025-12-11,4745,4728,3.3810592374286187e+08,102,3842
2025-12-12,5174,5157,3.840309196879184e+08,79,4133
2025-12-13,5712,5706,2.924654587348967e+08,81,4637
2025-12-14,4662,4640,1.7217773344283286e+08,90,3846
2025-12-15,5787,5781,4.0437505188596576e+08,100,4656
2025-12-16,5625,5618,3.277486428092191e+08,93,4621
2025-12-17,6170,6165,3.995727438714291e+08,94,4883
2025-12-18,5973,5973,5.742129452018648e+08,111,4861
2025-12-19,5633,5631,3.542335659825266e+08,96,4630
2025-12-20,4831,4820,2.5377071524682918e+08,95,4024
2025-12-21,4803,4791,2.21533722516022e+08,95,3984
2025-12-22,5477,5470,3.9433647586996245e+08,93,4435
2025-12-23,5992,5981,3.5496496759449756e+08,83,4891
2025-12-24,6341,6327,3.0323326204943967e+08,92,5139
2025-12-25,6451,6451,2.219045416389263e+08,86,5334
2025-12-26,6886,6884,3.0300743395610553e+08,101,5576
2025-12-27,6304,6295,3.0227224000559e+08,96,5073
2025-12-28,6356,6354,1.8432977761702833e+08,98,5049
2025-12-29,6464,6443,2.9298050167792183e+08,91,5082
2025-12-30,6517,6514,2.730544505279293e+08,101,5270
2025-12-31,6073,6067,2.8630967630939734e+08,112,4843
2026-01-01,5303,5297,1.8216552374538666e+08,88,4418
2026-01-02,6871,6867,2.7058622236217904e+08,95,5381
2026-01-03,6181,6177,3.100482692161775e+08,82,5022
2026-01-04,6469,6462,2.767450938195943e+08,81,5194
2026-01-05,6124,6116,4.7066375048735136e+08,99,4998
2026-01-06,7093,7088,4.821111439665631e+08,110,5608
2026-01-07,8109,8104,4.164533601146872e+08,88,6364
2026-01-08,8326,8326,4.0031125344108254e+08,106,6581
2026-01-09,6375,6368,2.8632409750751686e+08,84,5239
2026-01-10,7937,7933,2.5756265529371706e+08,75,7079
2026-01-11,5460,5459,1.9299185940598527e+08,74,4568
2026-01-12,5468,5460,3.0965324802376693e+08,89,4619
2026-01-13,5208,5198,4.3891697948323196e+08,105,4375
2026-01-14,6108,6102,6.220552031403586e+08,92,5004
2026-01-15,5163,5157,3.9066709338629884e+08,83,4310
2026-01-16,4883,4877,3.374228329417303e+08,90,4148
2026-01-17,4731,4727,2.704387962006715e+08,99,4049
2026-01-18,4895,4893,2.9162465893852925e+08,97,4193
2026-01-19,5819,5813,4.745703547846892e+08,108,4843
2026-01-20,6478,6478,4.7325619991334444e+08,98,5259
2026-01-21,6138,6136,4.2272944931562763e+08,106,5049
2026-01-22,6326,6324,4.879075875690799e+08,95,5100
2026-01-23,5549,5547,3.053682653665004e+08,87,4574
2026-01-24,4895,4895,1.6808290189915076e+08,81,4092
2026-01-25,5620,5602,3.228286785893562e+08,97,4629
2026-01-26,5693,5683,4.412728558616927e+08,94,4665
2026-01-27,4900,4892,5.399893694123621e+08,90,4044
2026-01-28,4805,4785,5.1618596159133023e+08,77,3933
2026-01-29,5853,5853,4.6738727501497567e+08,86,4719
2026-01-30,5754,5754,6.383485958152063e+08,101,4617
2026-01-31,5185,5164,4.005298937378445e+08,91,4279
2026-02-01,5247,5246,4.26057257672474e+08,92,4316
2026-02-02,5994,5990,6.626743292685106e+08,93,4922
2026-02-03,5091,5091,4.0439459000763786e+08,76,4185
2026-02-04,4763,4761,4.129817240826722e+08,92,3916
2026-02-05,5318,5314,6.550395713974558e+08,84,4243
2026-02-06,5562,5552,5.3112503352068967e+08,124,4405
2026-02-07,4427,4419,2.9042159284287e+08,88,3717
2026-02-08,4785,4783,2.7699988333305717e+08,92,3890
2026-02-09,4667,4667,4.444617613108555e+08,91,3882
2026-02-10,5459,5455,5.443385611311839e+08,80,4420
2026-02-11,5869,5848,5.711105775700834e+08,98,4688
2026-02-12,5839,5824,4.8728110551684284e+08,102,4703
2026-02-13,5908,5763,5.359071476400043e+08,97,4780
2026-02-14,4451,4447,3.7995929305824906e+08,62,3679
2026-02-15,5045,5036,4.773853424104933e+08,71,4130
2026-02-16,4140,4126,3.6059828376919985e+08,82,3470
2026-02-17,5027,5020,5.1841934148320746e+08,82,4024
2026-02-18,5087,5077,4.666629663535019e+08,82,4180
2026-02-19,5312,5298,4.7052357376800424e+08,92,4236
2026-02-20,5623,5619,4.80359896638873e+08,93,4520
2026-02-21,4766,4762,3.759640008643459e+08,79,3882
2026-02-22,4494,4481,3.1831222976280826e+08,67,3750
2026-02-23,5534,5524,5.0252691638195175e+08,99,4376
2026-02-24,5830,5822,5.2001141846135366e+08,82,4798
2026-02-25,5882,5880,5.2045020352972674e+08,103,4686
2026-02-26,5707,5701,5.006859160463507e+08,89,4611
2026-02-27,6477,6473,6.011698132331659e+08,97,5102
2026-02-28,7265,7259,3.1347773180111253e+08,114,5616
2026-03-01,4954,4952,4.60606215402732e+08,78,4071
2026-03-02,5391,5380,5.043764648511457e+08,89,4416
2026-03-03,5418,5416,4.4826812948816484e+08,73,4439
2026-03-04,5883,5881,5.54653677448636e+08,100,4738
2026-03-05,5245,5235,4.943287911421845e+08,88,4287
2026-03-06,4900,4889,4.3966900647901714e+08,78,4060
2026-03-07,4681,4677,3.2983475795406073e+08,78,3940
2026-03-08,4691,4683,2.3601559222580257e+08,82,3894
2026-03-09,4718,4718,4.204715484455117e+08,86,3901
2026-03-10,5181,5175,4.67449380910363e+08,79,4321
2026-03-11,5111,5107,2.8868440413784117e+08,81,4210
2026-03-12,4907,4903,3.807501021195272e+08,97,4164
2026-03-13,5730,5721,5.55685003763428e+08,96,4782
2026-03-14,5382,5373,1.7032523641465986e+08,93,4572
2026-03-15,4821,4811,3.171269518873227e+08,87,4103
2026-03-16,4898,4893,3.7059711298570716e+08,116,4117
2026-03-17,4970,4970,4.854865514284819e+08,89,4192
2026-03-18,4527,4521,3.698171915236693e+08,104,3848
2026-03-19,5079,5064,4.32932946235177e+08,93,4243
2026-03-20,4902,4892,3.194609353621972e+08,91,4095
2026-03-21,4677,4669,2.0117541516904816e+08,79,3876
2026-03-22,7744,7738,3.501947380638495e+08,101,5535
2026-03-23,6209,6198,3.280045792940236e+08,100,5027
2026-03-24,5335,5331,2.746137166551968e+08,79,4418
2026-03-25,5386,5380,3.058854375114125e+08,110,4411
2026-03-26,5149,5149,4.175505673018916e+08,102,4268
2026-03-27,4229,4227,3.195945269104997e+08,84,3534
2026-03-28,3530,3524,1.6562282174736738e+08,77,3005
2026-03-29,3157,3150,1.88639100105973e+08,64,2677
2026-03-30,3705,3703,2.862731997227819e+08,85,3086
2026-03-31,4513,4508,3.387199412719297e+08,87,3778
2026-04-01,3910,3904,5.2750207722003573e+08,87,3355
2026-04-02,4926,4924,3.21090091613966e+08,79,4025
2026-04-03,4648,4638,3.021287559679114e+08,72,3855
2026-04-04,3363,3359,2.2451388978198376e+08,60,2979
2026-04-05,3216,3214,2.0890415094055092e+08,74,2853
2026-04-06,3633,3627,3.177676353795073e+08,78,3088
2026-04-07,4218,4212,3.90019777009721e+08,79,3577
2026-04-08,3850,3838,4.649994387438042e+08,81,3349
2026-04-09,4308,4302,3.7181390391729504e+08,78,3684
2026-04-10,4517,4507,2.784091935984826e+08,67,3852
2026-04-11,3745,3739,1.7687867555831984e+08,71,3240
2026-04-12,3122,3122,1.7410469093756187e+08,66,2696
2026-04-13,5567,5561,4.0549517813736844e+08,92,4452
2026-04-14,4761,4753,4.233502147251104e+08,92,3938
2026-04-15,4446,4437,3.0809836536281323e+08,92,3724
2026-04-16,4261,4246,3.7292398441987157e+08,81,3594
2026-04-17,9163,9152,4.654556290728486e+08,108,6925
2026-04-18,8528,8516,5.263492756867347e+08,92,6433
2026-04-19,16264,16252,5.0519665021575177e+08,116,10262
2026-04-20,14803,14793,4.336757746058038e+08,102,9795
2026-04-21,14268,14252,6.359741305814843e+08,116,9355
2026-04-22,19545,19539,3.506218319413962e+08,110,11322
2026-04-23,16899,16882,4.8762834706945986e+08,109,10947
2026-04-24,15056,15048,3.268059664264078e+08,109,9913
2026-04-25,12509,12482,2.531335837022227e+08,108,8903
2026-04-26,13314,13298,2.2019909953144124e+08,121,9254
2026-04-27,9321,9317,3.172365242688443e+08,94,6938
2026-04-28,7991,7985,3.9263163753513646e+08,94,6119
2026-04-29,8278,8264,3.673433286014653e+08,116,6230
2026-04-30,8472,8466,3.520039617279136e+08,74,6511
2026-05-01,9672,9670,2.3167335680446345e+08,88,7182
2026-05-02,8167,8159,1.418184066233857e+08,77,6214
2026-05-03,7281,7273,1.8200968250296435e+08,88,5838
2026-05-04,8075,8065,4.3495360929724777e+08,90,6285
2026-05-05,6539,6533,2.79150510703278e+08,97,5319
2026-05-06,9089,9085,4.1198233591591775e+08,105,6521
2026-05-07,8014,8012,5.13144445115442e+08,97,6035
2026-05-08,9150,9148,4.0803818340796113e+08,88,6852
2026-05-09,7571,7569,2.6194749171054438e+08,95,5919
2026-05-10,7773,7773,2.6233122753690016e+08,100,6082
2026-05-11,6758,6756,3.427791902185443e+08,107,5369
2026-05-12,6765,6765,3.7067100454054475e+08,103,5489
2026-05-13,6805,6801,2.9840263354822284e+08,122,5376
2026-05-14,6862,6856,3.109522793541057e+08,90,5444
2026-05-15,5518,5515,3.694462528477713e+08,81,4496
2026-05-16,5654,5654,2.0736486424118134e+08,96,4618
2026-05-17,4667,4652,1.3166265667247683e+08,97,3960
2026-05-18,5464,5460,2.827062980930164e+08,91,4473
2026-05-19,3338,3338,2.5579023214621866e+08,80,2891
2026-05-20,3888,3888,2.716290231434318e+08,74,3356
2026-05-21,4373,4357,2.0344791184109893e+08,99,3691
2026-05-22,4407,4379,3.346133456392695e+08,89,3746
2026-05-23,3682,3682,1.4675632974259868e+08,80,3120
2026-05-24,3401,3397,9.538225267108387e+07,80,2953
2026-05-25,3597,3595,2.8958131240668255e+08,94,3134
2026-05-26,3872,3866,2.638369691288953e+08,101,3332
2026-05-27,4152,4150,2.257814268292244e+08,93,3536
2026-05-28,4588,4585,2.074542701763377e+08,111,3819
2026-05-29,3960,3958,2.1898337502862978e+08,91,3389
2026-05-30,3067,3059,9.15897676453542e+07,77,2715
2026-05-31,3053,3049,9.251187244457659e+07,70,2698
2026-06-01,3851,3849,2.0662697698630527e+08,78,3303
2026-06-02,3634,3622,2.0578446334686852e+08,75,3098
2026-06-03,4571,4561,3.644406849507458e+08,81,3757
2026-06-04,4360,4350,2.2376886376268423e+08,82,3695
2026-06-05,4121,4113,2.753635479060721e+08,104,3467
2026-06-06,3828,3820,1.9128608887199563e+08,77,3393
2026-06-07,3562,3558,1.2715790221626738e+08,78,3201
2026-06-08,4772,4766,3.839705420781037e+08,86,4165
2026-06-09,3139,3137,1.8939585634825727e+08,76,2796
2026-06-10,2901,2897,1.558145970366121e+08,80,2616
2026-06-11,3143,3139,1.4725060112036198e+08,90,2822
2026-06-12,3109,3109,1.6593328766270718e+08,70,2767
2026-06-13,2958,2956,9.549367636083566e+07,71,2614
2026-06-14,3211,3211,1.3001900933545494e+08,74,2901
2026-06-15,4052,4050,3.06294615755018e+08,94,3541
2026-06-16,3297,3295,2.0982553610933822e+08,81,2912
2026-06-17,2987,2985,2.021707572180048e+08,71,2715
2026-06-18,4617,4611,2.2174878382024392e+08,73,4073
2026-06-19,3432,3424,1.4984614378029776e+08,75,3056
2026-06-20,3245,3245,1.6310067684937713e+08,85,2858
2026-06-21,2027,2027,6.669954115625914e+07,53,1950
2026-06-22,3001,2993,1.816375895481475e+08,81,2693
2026-06-23,3873,3869,2.0708738007247993e+08,84,3444
2026-06-24,4360,4358,1.3106634073278378e+08,91,3864
2026-06-25,3634,3632,1.8613881911297068e+08,69,3256
2026-06-26,2903,2895,1.1113342315165804e+08,75,2611
2026-06-27,2803,2797,6.718892268255424e+07,72,2505
2026-06-28,2855,2854,1.1638881239179303e+08,87,2619
2026-06-29,3216,3212,1.9518916011384454e+08,72,2948
2026-06-30,4578,4578,1.868985053047137e+08,77,4015
