victim_tier,pctile_in_tier,trades_in_bin,lower_edge_usd,upper_edge_usd,mean_usd,volume_usd,cutoff_p50,cutoff_p90
Retail,1,18769,1.2390000000000001e-23,7.142347302292057,3.1201499164351967,58562.093781572206,1001.8474213724877,8986.607999999998
Retail,2,18769,7.14300587077,16.288832896315746,11.641692924602156,218502.93450185788,1001.8474213724877,8986.607999999998
Retail,3,18769,16.289295144700002,24.5727,20.548168532609118,385668.57518854056,1001.8474213724877,8986.607999999998
Retail,4,18770,24.572745831328,31.922335336166768,28.022431848134573,525981.0457894859,1001.8474213724877,8986.607999999998
Retail,5,18769,31.92399925,40.417297784999995,36.43263746953691,683804.1726657382,1001.8474213724877,8986.607999999998
Retail,6,18769,40.4174,48.38633419413172,44.9221179465061,843143.2317379729,1001.8474213724877,8986.607999999998
Retail,7,18769,48.386482405603616,52.4782,50.17769271001712,941785.1144743114,1001.8474213724877,8986.607999999998
Retail,8,18770,52.4786965478061,60.260437831883856,56.404320049931634,1.0587090873372168e+06,1001.8474213724877,8986.607999999998
Retail,9,18769,60.260810900040156,68.40575890749588,64.33807280930584,1.2075612885578615e+06,1001.8474213724877,8986.607999999998
Retail,10,18769,68.40636186890012,75.371904,71.94795863662064,1.3503912356507329e+06,1001.8474213724877,8986.607999999998
Retail,11,18770,75.372,82.3839,78.81247146275759,1.4793100893559598e+06,1001.8474213724877,8986.607999999998
Retail,12,18769,82.38476487141054,90.23437966872,86.66587258165947,1.6266317624851665e+06,1001.8474213724877,8986.607999999998
Retail,13,18769,90.23549999999999,96.44194609244998,93.45203754684576,1.754001292716748e+06,1001.8474213724877,8986.607999999998
Retail,14,18769,96.44198783677179,99.63161229467346,98.45510442292633,1.847903854913904e+06,1001.8474213724877,8986.607999999998
Retail,15,18770,99.63169089402056,102.71641255171077,100.74099021399087,1.8909083863166086e+06,1001.8474213724877,8986.607999999998
Retail,16,18769,102.716915,108.60738,105.47189081761148,1.97960191875575e+06,1001.8474213724877,8986.607999999998
Retail,17,18769,108.60776020458856,115.17438651427499,111.92491717226578,2.1007187704062564e+06,1001.8474213724877,8986.607999999998
Retail,18,18770,115.17439999999999,121.3017489158651,118.25944603239506,2.2197298020280553e+06,1001.8474213724877,8986.607999999998
Retail,19,18769,121.30191800761895,127.05250000000001,124.30329913127831,2.3330486213949625e+06,1001.8474213724877,8986.607999999998
Retail,20,18769,127.05264,132.9045,129.98664204486667,2.4397192845401024e+06,1001.8474213724877,8986.607999999998
Retail,21,18769,132.9046375,140.5686,136.7410982425248,2.566493672913948e+06,1001.8474213724877,8986.607999999998
Retail,22,18770,140.5692744076112,148.2524,144.62519422767087,2.7146148956533824e+06,1001.8474213724877,8986.607999999998
Retail,23,18769,148.2534,153.8745,150.69658141392267,2.828424136557915e+06,1001.8474213724877,8986.607999999998
Retail,24,18769,153.874717235544,160.7914,157.3496791651166,2.9532961282500736e+06,1001.8474213724877,8986.607999999998
Retail,25,18770,160.79150801217864,169.133,164.9654029494901,3.0964006133619295e+06,1001.8474213724877,8986.607999999998
Retail,26,18769,169.1330712664769,176.68503960888123,172.95599798944446,3.246211126263883e+06,1001.8474213724877,8986.607999999998
Retail,27,18769,176.6853,184.31119999999999,180.44949371425452,3.386856547522843e+06,1001.8474213724877,8986.607999999998
Retail,28,18769,184.31128061346246,191.51118719872048,188.03428718658404,3.5292155362049956e+06,1001.8474213724877,8986.607999999998
Retail,29,18770,191.5113171198947,198.08440000500002,195.06219617949128,3.6613174222890516e+06,1001.8474213724877,8986.607999999998
Retail,30,18769,198.0844820675553,201.04188829913707,199.47643943549252,3.743973291764759e+06,1001.8474213724877,8986.607999999998
Retail,31,18769,201.04254,208.63139999999999,204.7224932309095,3.8424364754509404e+06,1001.8474213724877,8986.607999999998
Retail,32,18769,208.63139999999999,217.29634933107482,212.78541149663124,3.993769388380272e+06,1001.8474213724877,8986.607999999998
Retail,33,18770,217.2963550240283,225.62207232307924,221.57073930393145,4.158882776734793e+06,1001.8474213724877,8986.607999999998
Retail,34,18769,225.6225886441674,233.059979597746,229.38894086690254,4.305401031130894e+06,1001.8474213724877,8986.607999999998
Retail,35,18769,233.06036623295157,240.45778367023215,236.81842000466082,4.444844925067479e+06,1001.8474213724877,8986.607999999998
Retail,36,18770,240.458,246.92384488001133,243.72554103798245,4.5747284052829305e+06,1001.8474213724877,8986.607999999998
Retail,37,18769,246.92399999999998,251.67461743965086,249.1968805052757,4.677176250203519e+06,1001.8474213724877,8986.607999999998
Retail,38,18769,251.67489175861428,258.1325604,254.76739321292618,4.781729203213411e+06,1001.8474213724877,8986.607999999998
Retail,39,18769,258.1328,264.4572543208884,261.3629133883551,4.905520521386037e+06,1001.8474213724877,8986.607999999998
Retail,40,18770,264.45735418926114,272.677742554408,268.3748077066913,5.037395140654596e+06,1001.8474213724877,8986.607999999998
Retail,41,18769,272.67892261442995,282.0269119346308,277.30624193002603,5.204760854784659e+06,1001.8474213724877,8986.607999999998
Retail,42,18769,282.027494442226,291.7101,287.1497048023191,5.389512809434727e+06,1001.8474213724877,8986.607999999998
Retail,43,18770,291.7101596205,298.247,295.3683231320442,5.54406342518847e+06,1001.8474213724877,8986.607999999998
Retail,44,18769,298.247,303.5884836624163,300.5532209221612,5.641083403488044e+06,1001.8474213724877,8986.607999999998
Retail,45,18769,303.5887558995843,311.977477281325,307.85698030641805,5.778167663371161e+06,1001.8474213724877,8986.607999999998
Retail,46,18769,311.97771,319.96855614237063,315.93123447497885,5.929713339860878e+06,1001.8474213724877,8986.607999999998
Retail,47,18770,319.96910426545384,329.41100000000006,324.71500579464725,6.094900658765529e+06,1001.8474213724877,8986.607999999998
Retail,48,18769,329.41158,338.4951580013025,334.03604946723823,6.269522612450594e+06,1001.8474213724877,8986.607999999998
Retail,49,18769,338.4951887113968,346.845,342.75081509984943,6.433090048609074e+06,1001.8474213724877,8986.607999999998
Retail,50,18770,346.8450028098616,354.96532036880023,350.5929457205432,6.580629591174596e+06,1001.8474213724877,8986.607999999998
Retail,51,18769,354.965898,365.36650000000003,360.0681266322777,6.75811866876122e+06,1001.8474213724877,8986.607999999998
Retail,52,18769,365.3666767444445,375.07526059076713,370.3304055092374,6.950731381002877e+06,1001.8474213724877,8986.607999999998
Retail,53,18769,375.07536000000005,383.71225884693723,379.25524396080175,7.1182416739002885e+06,1001.8474213724877,8986.607999999998
Retail,54,18770,383.71276706333833,394.119085,388.86266104170977,7.298952147752892e+06,1001.8474213724877,8986.607999999998
Retail,55,18769,394.119414,401.9226590718314,398.10398415812773,7.472013678663899e+06,1001.8474213724877,8986.607999999998
Retail,56,18769,401.9232604129401,414.45657,408.09955428417993,7.659620534359774e+06,1001.8474213724877,8986.607999999998
Retail,57,18769,414.4567355009055,427.30931290947404,420.8358190809063,7.89866748832953e+06,1001.8474213724877,8986.607999999998
Retail,58,18770,427.30946304179037,440.83399316472077,434.1824400073625,8.149604398938195e+06,1001.8474213724877,8986.607999999998
Retail,59,18769,440.8361234251318,451.7224845725427,446.4625121727401,8.379654890970159e+06,1001.8474213724877,8986.607999999998
Retail,60,18769,451.7232446807818,462.71282817230696,457.382979825456,8.584621148343984e+06,1001.8474213724877,8986.607999999998
Retail,61,18770,462.7129123518977,473.3117228830846,468.12509442966103,8.786708022444738e+06,1001.8474213724877,8986.607999999998
Retail,62,18769,473.3127852696051,482.9822829165101,478.20694252233255,8.97546610420166e+06,1001.8474213724877,8986.607999999998
Retail,63,18769,482.98339751128714,491.428,487.2643861091414,9.145465262882475e+06,1001.8474213724877,8986.607999999998
Retail,64,18769,491.428,496.3750921200183,494.3650179101128,9.278737021154907e+06,1001.8474213724877,8986.607999999998
Retail,65,18770,496.3752084886549,499.6935796259358,498.3356337913142,9.353759846262967e+06,1001.8474213724877,8986.607999999998
Retail,66,18769,499.6936022519381,502.9432407916626,500.78336650550705,9.399203005941862e+06,1001.8474213724877,8986.607999999998
Retail,67,18769,502.94332274999994,511.4779144806099,507.0097507963046,9.516066012695841e+06,1001.8474213724877,8986.607999999998
Retail,68,18770,511.4794911349099,521.87454,516.7255929522213,9.698939379713193e+06,1001.8474213724877,8986.607999999998
Retail,69,18769,521.87454,531.8404152061133,526.6925690279436,9.885492828085473e+06,1001.8474213724877,8986.607999999998
Retail,70,18769,531.8408177263981,544.4196483301956,537.9498133871746,1.0096780047463879e+07,1001.8474213724877,8986.607999999998
Retail,71,18769,544.4211219950942,557.8214742919841,550.9726291170019,1.034120527589701e+07,1001.8474213724877,8986.607999999998
Retail,72,18770,557.8226297792933,572.6042000000001,565.1939192165387,1.0608689863694431e+07,1001.8474213724877,8986.607999999998
Retail,73,18769,572.6042855000001,586.9585259999999,579.9268666628741,1.0884647360395484e+07,1001.8474213724877,8986.607999999998
Retail,74,18769,586.958625,599.59,593.6214200485566,1.114168043289136e+07,1001.8474213724877,8986.607999999998
Retail,75,18770,599.5901369362396,612.8830342285961,605.6119675006261,1.1367336629986752e+07,1001.8474213724877,8986.607999999998
Retail,76,18769,612.8838000000001,627.3047225594205,620.1201884865432,1.1639035817703929e+07,1001.8474213724877,8986.607999999998
Retail,77,18769,627.3091440000001,642.4786685322376,634.6629467888445,1.191198884827982e+07,1001.8474213724877,8986.607999999998
Retail,78,18769,642.4789937999999,657.6844625,650.1136158051886,1.2201982455047585e+07,1001.8474213724877,8986.607999999998
Retail,79,18770,657.6849777969122,673.5465025912418,665.6272744181872,1.2493823940829374e+07,1001.8474213724877,8986.607999999998
Retail,80,18769,673.5474,688.8383632630824,681.2771702539205,1.2786891208495835e+07,1001.8474213724877,8986.607999999998
Retail,81,18769,688.840421986495,701.4760000000001,695.4653626584832,1.305318939173707e+07,1001.8474213724877,8986.607999999998
Retail,82,18769,701.4776459494112,717.6062619625819,709.1632379961148,1.331028481394908e+07,1001.8474213724877,8986.607999999998
Retail,83,18770,717.6066114,734.4308,726.0824950680894,1.3628568432428038e+07,1001.8474213724877,8986.607999999998
Retail,84,18769,734.4322700339403,749.95017245808,742.3588233934637,1.3933332756271921e+07,1001.8474213724877,8986.607999999998
Retail,85,18769,749.9513429460608,764.7568550277941,757.2048476264431,1.421197778510071e+07,1001.8474213724877,8986.607999999998
Retail,86,18770,764.7570989905009,781.9975948258277,773.3286606968095,1.4515378961279115e+07,1001.8474213724877,8986.607999999998
Retail,87,18769,781.9979999999999,797.198218554262,789.768266129415,1.482316058698299e+07,1001.8474213724877,8986.607999999998
Retail,88,18769,797.199,814.0244124999999,804.6215332475062,1.5101941557522444e+07,1001.8474213724877,8986.607999999998
Retail,89,18769,814.0244125,835.6767985575,824.8362652418336,1.5481351862323975e+07,1001.8474213724877,8986.607999999998
Retail,90,18770,835.677678804886,857.0459317862596,846.3056160505729,1.5885156413269253e+07,1001.8474213724877,8986.607999999998
Retail,91,18769,857.0464203534037,878.3125,868.0191721391154,1.6291851841879057e+07,1001.8474213724877,8986.607999999998
Retail,92,18769,878.314508228535,896.76176922,887.7525548331694,1.6662227701663755e+07,1001.8474213724877,8986.607999999998
Retail,93,18770,896.7644255039135,915.2545926479806,905.3457624634896,1.69933399614397e+07,1001.8474213724877,8986.607999999998
Retail,94,18769,915.25506837375,934.0905419999999,924.6739785992019,1.735520590432842e+07,1001.8474213724877,8986.607999999998
Retail,95,18769,934.0907,950.59,942.5650726009749,1.7691003847647697e+07,1001.8474213724877,8986.607999999998
Retail,96,18769,950.590263740447,966.715719916713,958.6374736825653,1.799266674354807e+07,1001.8474213724877,8986.607999999998
Retail,97,18770,966.716,981.51794839875,974.2006770472669,1.82857467081772e+07,1001.8474213724877,8986.607999999998
Retail,98,18769,981.5200766104116,991.2117830538507,987.406842020376,1.8532639017880436e+07,1001.8474213724877,8986.607999999998
Retail,99,18769,991.2120000000001,998.3196839628176,995.0130386136183,1.8675399721739e+07,1001.8474213724877,8986.607999999998
Retail,100,18770,998.319728279934,1001.8473368933513,1000.1088578848844,1.877204326249928e+07,1001.8474213724877,8986.607999999998
Small,1,15015,1001.8474213724877,1012.216,1006.4008906088557,1.5111109372491967e+07,1001.8474213724877,8986.607999999998
Small,2,15015,1012.216,1025.948,1018.9252150524197,1.5299162104012081e+07,1001.8474213724877,8986.607999999998
Small,3,15016,1025.9493287732114,1041.2953080107502,1033.593743110432,1.5520443646546246e+07,1001.8474213724877,8986.607999999998
Small,4,15015,1041.2964059933004,1056.6504,1048.9989446255454,1.5750719153552564e+07,1001.8474213724877,8986.607999999998
Small,5,15016,1056.6506077304805,1074.527512751212,1065.383148185118,1.5997793353147732e+07,1001.8474213724877,8986.607999999998
Small,6,15015,1074.52777811702,1093.597629332438,1084.165920089312,1.6278751290141022e+07,1001.8474213724877,8986.607999999998
Small,7,15016,1093.5984367130477,1112.521237576535,1103.0697155249659,1.6563694848322889e+07,1001.8474213724877,8986.607999999998
Small,8,15015,1112.5248,1133.1900643544118,1122.9623751397155,1.686128006272283e+07,1001.8474213724877,8986.607999999998
Small,9,15015,1133.1925020556878,1151.5619005468177,1142.2560948972118,1.7150975264881637e+07,1001.8474213724877,8986.607999999998
Small,10,15016,1151.5620608311785,1171.5760203667053,1161.2851555169636,1.7437857895242725e+07,1001.8474213724877,8986.607999999998
Small,11,15015,1171.5791385627538,1191.3174123528315,1181.768125683853,1.7744248407143053e+07,1001.8474213724877,8986.607999999998
Small,12,15016,1191.31894375,1210.688007,1200.915181774301,1.8032942369522903e+07,1001.8474213724877,8986.607999999998
Small,13,15015,1210.6898016,1231.3537585717027,1220.972096033413,1.8332896021941695e+07,1001.8474213724877,8986.607999999998
Small,14,15016,1231.354908278665,1251.43,1241.4386373319428,1.8641442578176454e+07,1001.8474213724877,8986.607999999998
Small,15,15015,1251.430217354891,1272.076,1261.8196879072673,1.8946222613927618e+07,1001.8474213724877,8986.607999999998
Small,16,15015,1272.0764164799732,1293.9381,1282.985691265847,1.9264030154356692e+07,1001.8474213724877,8986.607999999998
Small,17,15016,1293.9398079101034,1314.429845,1304.1343614222483,1.958288157111648e+07,1001.8474213724877,8986.607999999998
Small,18,15015,1314.433359217753,1336.7133454347918,1325.4310347849441,1.9901346987295937e+07,1001.8474213724877,8986.607999999998
Small,19,15016,1336.7200000000003,1363.7981434924504,1349.9306304294453,2.027055834652855e+07,1001.8474213724877,8986.607999999998
Small,20,15015,1363.7988290269834,1390.7851472876189,1377.5436552390322,2.068381798341407e+07,1001.8474213724877,8986.607999999998
Small,21,15016,1390.78799440914,1417.323180076219,1403.7031266404624,2.1078006149633184e+07,1001.8474213724877,8986.607999999998
Small,22,15015,1417.324,1446.6043736379008,1432.0464225480641,2.1502177034559183e+07,1001.8474213724877,8986.607999999998
Small,23,15015,1446.60568925847,1473.27,1460.0075243814892,2.192201297858806e+07,1001.8474213724877,8986.607999999998
Small,24,15016,1473.27,1495.3437706212164,1484.8275323200278,2.2296170225317538e+07,1001.8474213724877,8986.607999999998
Small,25,15015,1495.3438298880233,1513.192,1502.8808375442736,2.256575577572727e+07,1001.8474213724877,8986.607999999998
Small,26,15016,1513.1937952840103,1541.1343871445695,1527.0374079919418,2.2929993718406998e+07,1001.8474213724877,8986.607999999998
Small,27,15015,1541.1360000000002,1569.5274,1555.2192990443866,2.3351617775151465e+07,1001.8474213724877,8986.607999999998
Small,28,15016,1569.528,1597.9641882407323,1583.5730158587269,2.3778932406134643e+07,1001.8474213724877,8986.607999999998
Small,29,15015,1597.96537875,1631.085,1613.8834584490576,2.42324601286126e+07,1001.8474213724877,8986.607999999998
Small,30,15015,1631.0861739663326,1664.82,1648.2697793840182,2.474877073745103e+07,1001.8474213724877,8986.607999999998
Small,31,15016,1664.82,1698.0521248465484,1681.43094241615,2.5248367031320907e+07,1001.8474213724877,8986.607999999998
Small,32,15015,1698.0572254410977,1730.7959999999998,1714.1274223515948,2.5737623246609196e+07,1001.8474213724877,8986.607999999998
Small,33,15016,1730.7960471081255,1763.20712363037,1747.0868677508847,2.6234256406147286e+07,1001.8474213724877,8986.607999999998
Small,34,15015,1763.2104018213115,1797.9287543204623,1780.6307252643287,2.6736170339843895e+07,1001.8474213724877,8986.607999999998
Small,35,15016,1797.9291968156067,1834.0936930060848,1815.3186387273513,2.7258824679129906e+07,1001.8474213724877,8986.607999999998
Small,36,15015,1834.0952897770878,1869.9048000000003,1851.4697617311833,2.7799818472393718e+07,1001.8474213724877,8986.607999999998
Small,37,15015,1869.905219447205,1901.0549532514153,1885.8514605268242,2.8316059679810267e+07,1001.8474213724877,8986.607999999998
Small,38,15016,1901.055,1934.1044024287376,1917.2274987504388,2.878908812123659e+07,1001.8474213724877,8986.607999999998
Small,39,15015,1934.104506625673,1967.6657,1951.0382486654514,2.9294839303711753e+07,1001.8474213724877,8986.607999999998
Small,40,15016,1967.6741770354467,1990.8821610519192,1980.1031995512615,2.9733229644461744e+07,1001.8474213724877,8986.607999999998
Small,41,15015,1990.8828101049921,2002.6563186989165,1997.9283947472454,2.999889484712989e+07,1001.8474213724877,8986.607999999998
Small,42,15016,2002.657475,2036.7736856818574,2017.3227815985113,3.0292118888483245e+07,1001.8474213724877,8986.607999999998
Small,43,15015,2036.7803,2082.366,2059.3092026470326,3.0920527677745197e+07,1001.8474213724877,8986.607999999998
Small,44,15015,2082.3696057382845,2130.4377745527195,2105.8179959511435,3.1618857209206417e+07,1001.8474213724877,8986.607999999998
Small,45,15016,2130.4435573798473,2183.9772,2157.1222109063847,3.239134711897027e+07,1001.8474213724877,8986.607999999998
Small,46,15015,2183.979536473972,2234.71136074179,2209.4140844729277,3.3174352478361007e+07,1001.8474213724877,8986.607999999998
Small,47,15016,2234.7171,2285.87,2260.407877803835,3.394228469310239e+07,1001.8474213724877,8986.607999999998
Small,48,15015,2285.871,2334.59,2309.683637020039,3.4679899809855886e+07,1001.8474213724877,8986.607999999998
Small,49,15016,2334.59,2386.1904451652917,2360.87915403203,3.545096137694496e+07,1001.8474213724877,8986.607999999998
Small,50,15015,2386.2028140301363,2435.5199161119363,2411.310274357175,3.620582376947298e+07,1001.8474213724877,8986.607999999998
Small,51,15015,2435.5266,2479.05,2458.8936018201593,3.692028743132969e+07,1001.8474213724877,8986.607999999998
Small,52,15016,2479.05,2512.146083021304,2496.1995645293027,3.748293266097201e+07,1001.8474213724877,8986.607999999998
Small,53,15015,2512.15,2562.665123525598,2536.2338292086174,3.808155094556739e+07,1001.8474213724877,8986.607999999998
Small,54,15016,2562.667547152193,2618.845794610351,2591.0030191184246,3.890650133508226e+07,1001.8474213724877,8986.607999999998
Small,55,15015,2618.852332184868,2673.509511944829,2645.624314577331,3.972404908337863e+07,1001.8474213724877,8986.607999999998
Small,56,15016,2673.51,2740.87,2706.2538641738106,4.063710802443394e+07,1001.8474213724877,8986.607999999998
Small,57,15015,2740.8715187261178,2808.1200000000003,2774.843467431055,4.1664274663477294e+07,1001.8474213724877,8986.607999999998
Small,58,15015,2808.1275128788843,2880.2456051168756,2844.0962740495297,4.2704105554853685e+07,1001.8474213724877,8986.607999999998
Small,59,15016,2880.2536,2941.22,2911.211681674698,4.3714754612027265e+07,1001.8474213724877,8986.607999999998
Small,60,15015,2941.220128681226,2990.103469761914,2967.5926316226055,4.455840336381342e+07,1001.8474213724877,8986.607999999998
Small,61,15016,2990.10563986842,3022.3276097832686,3003.9151716773354,4.510679021790687e+07,1001.8474213724877,8986.607999999998
Small,62,15015,3022.344459266599,3088.16,3055.284812858577,4.587510146507154e+07,1001.8474213724877,8986.607999999998
Small,63,15016,3088.161,3156.6079999999997,3122.0993969027973,4.6881444543892406e+07,1001.8474213724877,8986.607999999998
Small,64,15015,3156.6086999999998,3229.965470627034,3192.299174897911,4.7932372111092135e+07,1001.8474213724877,8986.607999999998
Small,65,15015,3229.969426143697,3306.1014,3268.57891588089,4.907771242195156e+07,1001.8474213724877,8986.607999999998
Small,66,15016,3306.12,3378.6876107722865,3341.363575593577,5.017391545111315e+07,1001.8474213724877,8986.607999999998
Small,67,15015,3378.6889562941465,3452.203746761572,3414.8393369929354,5.127381264494892e+07,1001.8474213724877,8986.607999999998
Small,68,15016,3452.2054678675313,3515.028816823016,3485.075527435603,5.233189411997301e+07,1001.8474213724877,8986.607999999998
Small,69,15015,3515.0316967276685,3597.0910968195244,3554.713074041332,5.3374016806730606e+07,1001.8474213724877,8986.607999999998
Small,70,15016,3597.094246747452,3686.9445075877006,3641.767308869426,5.46847779099833e+07,1001.8474213724877,8986.607999999998
Small,71,15015,3686.9517540688585,3773.7335400316597,3729.910294634665,5.6004603073939495e+07,1001.8474213724877,8986.607999999998
Small,72,15015,3773.74,3857.798587352014,3814.1220230107156,5.726904217550589e+07,1001.8474213724877,8986.607999999998
Small,73,15016,3857.80572445815,3952.133064558555,3905.2692130398377,5.8641522503006205e+07,1001.8474213724877,8986.607999999998
Small,74,15015,3952.13324,4021.800106205179,3988.376065234613,5.988546661949772e+07,1001.8474213724877,8986.607999999998
Small,75,15016,4021.8024153279475,4142.579,4079.807502293617,6.126238945444095e+07,1001.8474213724877,8986.607999999998
Small,76,15015,4142.606866836851,4271.931318269894,4206.597732703367,6.316206495654106e+07,1001.8474213724877,8986.607999999998
Small,77,15016,4271.935956009472,4407.034293685849,4340.283008304295,6.5173689652697295e+07,1001.8474213724877,8986.607999999998
Small,78,15015,4407.072567584548,4528.803175,4468.828704224765,6.709946299393484e+07,1001.8474213724877,8986.607999999998
Small,79,15015,4528.834,4659.149999047566,4594.583618150267,6.898767302652626e+07,1001.8474213724877,8986.607999999998
Small,80,15016,4659.1531009783,4788.984830147214,4725.233094643314,7.0954100149164e+07,1001.8474213724877,8986.607999999998
Small,81,15015,4789.0005053732175,4898.432702417648,4844.412670056788,7.273885624090266e+07,1001.8474213724877,8986.607999999998
Small,82,15016,4898.4397876676,4973.26215,4939.894274013504,7.417745241858678e+07,1001.8474213724877,8986.607999999998
Small,83,15015,4973.26920546236,5004.988325904415,4992.826999850486,7.496729740275504e+07,1001.8474213724877,8986.607999999998
Small,84,15016,5004.988398857568,5094.125583427233,5040.700694688497,7.569116163144247e+07,1001.8474213724877,8986.607999999998
Small,85,15015,5094.135,5238.344164181326,5164.674722782679,7.754759096258193e+07,1001.8474213724877,8986.607999999998
Small,86,15015,5238.344849365352,5395.60534887133,5313.500406428995,7.978220860253136e+07,1001.8474213724877,8986.607999999998
Small,87,15016,5395.613837122294,5575.99057289046,5485.873673960643,8.237587908819301e+07,1001.8474213724877,8986.607999999998
Small,88,15015,5575.995762238439,5775.19575796209,5674.001809110523,8.51951371637945e+07,1001.8474213724877,8986.607999999998
Small,89,15016,5775.198748654574,5967,5873.913277824024,8.820268177980554e+07,1001.8474213724877,8986.607999999998
Small,90,15015,5967.018764339997,6149.925500195885,6047.434730754694,9.080223248228173e+07,1001.8474213724877,8986.607999999998
Small,91,15016,6149.946765100274,6371.461170589203,6260.009535696593,9.400030318802004e+07,1001.8474213724877,8986.607999999998
Small,92,15015,6371.461875,6602.393401739126,6484.566174063621,9.736576110356526e+07,1001.8474213724877,8986.607999999998
Small,93,15015,6602.435172276619,6839.7623041690385,6720.981117055957,1.009155314725952e+08,1001.8474213724877,8986.607999999998
Small,94,15016,6839.769828716998,7054.565817332499,6952.322310181938,1.0439607180969198e+08,1001.8474213724877,8986.607999999998
Small,95,15015,7054.585742335175,7325.38175313705,7187.370292594792,1.079183649433108e+08,1001.8474213724877,8986.607999999998
Small,96,15016,7325.406431495677,7588.8853255147615,7457.620738228231,1.1198363300523512e+08,1001.8474213724877,8986.607999999998
Small,97,15015,7588.898243719675,7893.0063830723,7738.668366812023,1.1619610552768253e+08,1001.8474213724877,8986.607999999998
Small,98,15016,7893.030000000001,8200.959364898847,8033.795902303844,1.2063547926899453e+08,1001.8474213724877,8986.607999999998
Small,99,15015,8200.968902082031,8593.36822108366,8396.447813829367,1.2607266392464796e+08,1001.8474213724877,8986.607999999998
Small,100,15016,8593.399591147618,8986.590045019468,8794.830262088679,1.3206317121552362e+08,1001.8474213724877,8986.607999999998
Institutional,1,3753,8986.607999999998,9073.24,9026.272504524954,3.387560070948215e+07,1001.8474213724877,8986.607999999998
Institutional,2,3754,9073.258178596489,9181.530262830005,9126.777879420015,3.4261924159342736e+07,1001.8474213724877,8986.607999999998
Institutional,3,3754,9181.562074291161,9289.026998252582,9234.36448682747,3.466580428355032e+07,1001.8474213724877,8986.607999999998
Institutional,4,3754,9289.036065291912,9394.672,9341.176863518705,3.506677794564922e+07,1001.8474213724877,8986.607999999998
Institutional,5,3754,9394.695120360762,9492.72,9443.843576628127,3.545218878666199e+07,1001.8474213724877,8986.607999999998
Institutional,6,3754,9492.792366142912,9586.640390991937,9538.058587736825,3.5805871938364044e+07,1001.8474213724877,8986.607999999998
Institutional,7,3754,9586.67741764915,9677.08,9630.818709258392,3.615409343455601e+07,1001.8474213724877,8986.607999999998
Institutional,8,3753,9677.099999999999,9760.570575235328,9718.595685514527,3.647388960773602e+07,1001.8474213724877,8986.607999999998
Institutional,9,3754,9760.625138513326,9843.17375105165,9802.344256031472,3.679800033714215e+07,1001.8474213724877,8986.607999999998
Institutional,10,3754,9843.193942446424,9903.755028584108,9877.025273499403,3.7078352876716755e+07,1001.8474213724877,8986.607999999998
Institutional,11,3754,9903.761711296333,9948.320036861409,9925.745397531755,3.7261248222334206e+07,1001.8474213724877,8986.607999999998
Institutional,12,3754,9948.321977165315,9979.56,9964.332834079909,3.740610545913598e+07,1001.8474213724877,8986.607999999998
Institutional,13,3754,9979.56,9999.848917146941,9991.153456166227,3.750679007444801e+07,1001.8474213724877,8986.607999999998
Institutional,14,3754,9999.85,10013.948559019776,10006.46076137415,3.756425369819856e+07,1001.8474213724877,8986.607999999998
Institutional,15,3753,10013.955027204398,10059.99507117341,10032.00515883975,3.765011536112558e+07,1001.8474213724877,8986.607999999998
Institutional,16,3754,10059.999967088354,10147.880150414137,10101.79912447213,3.792215391326838e+07,1001.8474213724877,8986.607999999998
Institutional,17,3754,10147.893922755506,10248.272057682727,10196.249079013678,3.827671904261735e+07,1001.8474213724877,8986.607999999998
Institutional,18,3754,10248.32729943024,10358.97,10303.08332079677,3.867777478627107e+07,1001.8474213724877,8986.607999999998
Institutional,19,3754,10358.984,10474.8,10416.922270440324,3.9105126203232974e+07,1001.8474213724877,8986.607999999998
Institutional,20,3754,10474.824847226057,10589.998886052732,10530.982465318657,3.953330817480624e+07,1001.8474213724877,8986.607999999998
Institutional,21,3754,10590.036792500001,10722.171771065312,10655.354976151126,4.000020258047133e+07,1001.8474213724877,8986.607999999998
Institutional,22,3753,10722.207083684361,10863.31579501704,10792.833204017412,4.0505503014677346e+07,1001.8474213724877,8986.607999999998
Institutional,23,3754,10863.327132599714,11004.1567875,10935.029211108566,4.105009965850156e+07,1001.8474213724877,8986.607999999998
Institutional,24,3754,11004.161794237894,11149.92,11073.520599019015,4.156999632871738e+07,1001.8474213724877,8986.607999999998
Institutional,25,3754,11149.956598645704,11305.618241464143,11227.944187680721,4.2149702480553426e+07,1001.8474213724877,8986.607999999998
Institutional,26,3754,11305.674270039619,11463.94991379,11383.7261903952,4.273450811874358e+07,1001.8474213724877,8986.607999999998
Institutional,27,3754,11464.01202005849,11622.1287,11543.122548346484,4.33328820464927e+07,1001.8474213724877,8986.607999999998
Institutional,28,3754,11622.131592386304,11791.051117259867,11707.255293193375,4.394903637064793e+07,1001.8474213724877,8986.607999999998
Institutional,29,3753,11791.089502601119,11950.375076627228,11871.427245038989,4.455346645063133e+07,1001.8474213724877,8986.607999999998
Institutional,30,3754,11950.418748481081,12099.342750000002,12019.971194691,4.512297186487001e+07,1001.8474213724877,8986.607999999998
Institutional,31,3754,12099.442925938474,12294.445642755561,12195.651535130815,4.578247586288108e+07,1001.8474213724877,8986.607999999998
Institutional,32,3754,12294.513738915399,12482.239307930662,12390.14107847236,4.651258960858524e+07,1001.8474213724877,8986.607999999998
Institutional,33,3754,12482.289338991206,12666.900000000001,12571.856394961782,4.719474890668653e+07,1001.8474213724877,8986.607999999998
Institutional,34,3754,12666.926605774945,12872.61998048023,12769.208135815243,4.793560734185042e+07,1001.8474213724877,8986.607999999998
Institutional,35,3754,12872.642944192943,13067.89583611657,12969.246472244264,4.8686551256804965e+07,1001.8474213724877,8986.607999999998
Institutional,36,3753,13067.9,13290.133693288297,13178.791385677838,4.946000407044893e+07,1001.8474213724877,8986.607999999998
Institutional,37,3754,13290.229861323503,13512.093954371407,13401.74336313829,5.031014458522114e+07,1001.8474213724877,8986.607999999998
Institutional,38,3754,13512.110343622304,13756.564546972013,13633.422401932728,5.117986769685546e+07,1001.8474213724877,8986.607999999998
Institutional,39,3754,13756.75,14001.03446,13881.02090214979,5.210935246667031e+07,1001.8474213724877,8986.607999999998
Institutional,40,3754,14001.064,14259.76682879291,14123.93547038018,5.30212537558072e+07,1001.8474213724877,8986.607999999998
Institutional,41,3754,14259.870628286591,14521.41589599587,14390.310691233231,5.402122633488955e+07,1001.8474213724877,8986.607999999998
Institutional,42,3754,14521.86085796322,14770.23801994748,14646.552782870393,5.498315914689545e+07,1001.8474213724877,8986.607999999998
Institutional,43,3753,14770.279999999999,14964.900000000001,14876.178084642781,5.583029635166436e+07,1001.8474213724877,8986.607999999998
Institutional,44,3754,14964.936,15099.374918288973,15019.585382066663,5.638352352427825e+07,1001.8474213724877,8986.607999999998
Institutional,45,3754,15099.479824523327,15386.609273930319,15241.654789339931,5.72171720791821e+07,1001.8474213724877,8986.607999999998
Institutional,46,3754,15386.730317540389,15688.244961501623,15536.972188555974,5.832579359583913e+07,1001.8474213724877,8986.607999999998
Institutional,47,3754,15688.271857758364,15990.750002469349,15837.027731520531,5.945220210412808e+07,1001.8474213724877,8986.607999999998
Institutional,48,3754,15990.782574554294,16299.636872002095,16135.801457827241,6.057379867268346e+07,1001.8474213724877,8986.607999999998
Institutional,49,3754,16299.737703883042,16650.551731107378,16475.407261279644,6.184867885884378e+07,1001.8474213724877,8986.607999999998
Institutional,50,3754,16650.689327608885,17006.14528163884,16833.594944713295,6.319331542245372e+07,1001.8474213724877,8986.607999999998
Institutional,51,3753,17006.162231465067,17376.168780886965,17187.017965924188,6.450287842611347e+07,1001.8474213724877,8986.607999999998
Institutional,52,3754,17376.503466585073,17730.9653970471,17550.812887301043,6.588575157892812e+07,1001.8474213724877,8986.607999999998
Institutional,53,3754,17731.064824723715,18094.238524681852,17915.44928737659,6.725459662481171e+07,1001.8474213724877,8986.607999999998
Institutional,54,3754,18094.48125,18520.765052378796,18311.518794610056,6.874144155496615e+07,1001.8474213724877,8986.607999999998
Institutional,55,3754,18520.8606,18946.16152917926,18739.524963197095,7.03481767118419e+07,1001.8474213724877,8986.607999999998
Institutional,56,3754,18946.394,19344.69833006721,19142.566470424543,7.186119452997373e+07,1001.8474213724877,8986.607999999998
Institutional,57,3754,19344.75,19716.459051898237,19530.220093310105,7.331644623028614e+07,1001.8474213724877,8986.607999999998
Institutional,58,3753,19716.596999999998,19963.475212681922,19855.000230783415,7.451581586613016e+07,1001.8474213724877,8986.607999999998
Institutional,59,3754,19963.508,20086.680667335368,20016.346926334143,7.514136636145838e+07,1001.8474213724877,8986.607999999998
Institutional,60,3754,20086.74880090592,20541.72672601114,20297.767415055754,7.61978188761193e+07,1001.8474213724877,8986.607999999998
Institutional,61,3754,20541.82861496941,21094.75824987955,20816.24300632352,7.814417624573849e+07,1001.8474213724877,8986.607999999998
Institutional,62,3754,21094.949999999997,21700.794851125684,21387.28125506667,8.028785383152029e+07,1001.8474213724877,8986.607999999998
Institutional,63,3754,21701.197144753784,22353.476940692966,22023.359575643906,8.267569184696722e+07,1001.8474213724877,8986.607999999998
Institutional,64,3754,22354.060943219414,23019.636669686624,22684.761590838785,8.51585950120088e+07,1001.8474213724877,8986.607999999998
Institutional,65,3753,23019.665972020222,23738.133492853653,23373.888534256053,8.772220366906297e+07,1001.8474213724877,8986.607999999998
Institutional,66,3754,23738.304204565033,24451.026121145147,24076.282098952095,9.038236299946617e+07,1001.8474213724877,8986.607999999998
Institutional,67,3754,24451.140715252415,24999.188907114632,24767.938522534416,9.29788412135942e+07,1001.8474213724877,8986.607999999998
Institutional,68,3754,24999.2,25674.356941951246,25264.60318582113,9.484332035957253e+07,1001.8474213724877,8986.607999999998
Institutional,69,3754,25674.725219890704,26591.826435249997,26121.91071790525,9.806165283501631e+07,1001.8474213724877,8986.607999999998
Institutional,70,3754,26592.054087327182,27637.21950987598,27099.50485546428,1.0173154122741291e+08,1001.8474213724877,8986.607999999998
Institutional,71,3754,27639.109234676125,28726.80778728989,28173.069072651193,1.0576170129873258e+08,1001.8474213724877,8986.607999999998
Institutional,72,3753,28726.938615635303,29742.570927496312,29259.613234711444,1.0981132846987204e+08,1001.8474213724877,8986.607999999998
Institutional,73,3754,29742.77744074416,30307.850000000002,30002.838891059604,1.1263065719703776e+08,1001.8474213724877,8986.607999999998
Institutional,74,3754,30308.21649126479,31470.100000000002,30887.272323021913,1.1595082030062427e+08,1001.8474213724877,8986.607999999998
Institutional,75,3754,31470.14100096939,32675.44811911911,32052.02574779617,1.2032330465722683e+08,1001.8474213724877,8986.607999999998
Institutional,76,3754,32675.730230291352,33949.34837808161,33298.101198961,1.2500107190089957e+08,1001.8474213724877,8986.607999999998
Institutional,77,3754,33950.100000000006,35171.92479257778,34595.05066202865,1.2986982018525553e+08,1001.8474213724877,8986.607999999998
Institutional,78,3754,35172.02215336683,36810.185913782734,35949.99878911743,1.3495629545434684e+08,1001.8474213724877,8986.607999999998
Institutional,79,3753,36811.677910640494,38605.700000000004,37674.24449938689,1.41391439606199e+08,1001.8474213724877,8986.607999999998
Institutional,80,3754,38605.944150080126,40126.07184325667,39476.928834363156,1.481963908441993e+08,1001.8474213724877,8986.607999999998
Institutional,81,3754,40126.1853,42449.731322097105,41235.15188651331,1.5479676018197098e+08,1001.8474213724877,8986.607999999998
Institutional,82,3754,42450.4030519391,45139.209520762364,43832.88214458159,1.645486395707593e+08,1001.8474213724877,8986.607999999998
Institutional,83,3754,45139.237311270794,48116.84527376127,46622.67894962218,1.7502153677688166e+08,1001.8474213724877,8986.607999999998
Institutional,84,3754,48117.62752253978,49996.61189684988,49338.811421439605,1.852178980760843e+08,1001.8474213724877,8986.607999999998
Institutional,85,3754,49996.627090758746,52837.97417727387,51052.22833045043,1.916500651525109e+08,1001.8474213724877,8986.607999999998
Institutional,86,3753,52838.65365389495,57482.02773558241,55081.00994218879,2.0671903031303453e+08,1001.8474213724877,8986.607999999998
Institutional,87,3754,57485.04750666521,62726.97536855546,59995.22661340422,2.2522208070671946e+08,1001.8474213724877,8986.607999999998
Institutional,88,3754,62728.37085417917,69595.94922755896,66076.69346256214,2.4805190725845826e+08,1001.8474213724877,8986.607999999998
Institutional,89,3754,69598.49031681927,77450.5391593232,73323.59552844164,2.7525677761376995e+08,1001.8474213724877,8986.607999999998
Institutional,90,3754,77456.2920674005,86880.58728426907,81750.6992964337,3.068921251588121e+08,1001.8474213724877,8986.607999999998
Institutional,91,3754,86884.6872603518,98751.88015917734,92800.73743562688,3.483739683333433e+08,1001.8474213724877,8986.607999999998
Institutional,92,3754,98753.6637383263,108181.81032530537,101858.31565590341,3.823761169722614e+08,1001.8474213724877,8986.607999999998
Institutional,93,3753,108185.85237458817,129918.68271674888,118566.570180874,4.449803378888201e+08,1001.8474213724877,8986.607999999998
Institutional,94,3754,129939.37248799128,158081.11754533296,144032.1162704389,5.406965644792277e+08,1001.8474213724877,8986.607999999998
Institutional,95,3754,158103.7324098289,195466.1779536298,175163.61580081665,6.575642137162657e+08,1001.8474213724877,8986.607999999998
Institutional,96,3754,195490.53651627776,246455.7938694591,216281.4917773509,8.119207201321752e+08,1001.8474213724877,8986.607999999998
Institutional,97,3754,246461.62049955,323360.5907524387,281424.3811361446,1.056467126785087e+09,1001.8474213724877,8986.607999999998
Institutional,98,3754,323365.47908237664,486987.3482230799,392781.11102605046,1.4745002907917933e+09,1001.8474213724877,8986.607999999998
Institutional,99,3754,487027.6520918548,853915.4589146934,619277.5085528651,2.3247677671074557e+09,1001.8474213724877,8986.607999999998
Institutional,100,3754,853935.6706696204,2.100546e+07,1.830567851651107e+06,6.871951715098255e+09,1001.8474213724877,8986.607999999998
